1:aṃsa:saṅghāte:accumulating; collecting:VIII
2:aka:kuṭilagatiyaṃ:moving crookedly:I
3:aki:lakkhaṇe:marking; mark:I
4:aki:lakkhaṇe:marking (saññāṇa):VIII
5:akka:thavane:praising (thuti):VIII
6:akkha:byatti-saṅkhātesu:pervading and telling:I
7:aga:kuṭilāyaṃ gatiyaṃ:moving crookedly:I
8:agi:gamane :going:I
9:agga:kuṭilagatiyaṃ:going crookedly:I
10:agha:pāpakaraṇe:doing evil:VIII
11:acca:pūjāyaṃ:venerating; honoring:I
12:acca:pūjāyaṃ:venerating; honoring:VIII
13:achi:āyāme:stretching; extending:I
14:aja:khepane gatiyaṃ ca:throwing; passing or spending time and going:I
15:ajja:ajjane:procuring; acquiring:I
16:ajja:paṭisajjane:forming; making:VIII
17:añca:byayagatiyaṃ:going to loss or destruction or ruin (vināsagati):I
18:añcu:gati-pūjanāsu:going and venerating; honoring:I
19:añcu:visesane:distinguishing:VIII
20:aṭa:gatiyaṃ:going:I
21:aṭṭa:anādare:disrespect:VIII
22:aṭhi:gatiyaṃ:going:I
23:aḍḍa:abhiyoge:engaging in a lawsuit:I
24:aṇa:sadde:making sound:I
25:ata:sātaccagamane:going constantly (nirantaragamana):I
26:ati:bandhane:binding:I
27:attha:yācanāyaṃ:begging:VIII
28:adi:bandhane:binding:I
29:adda:gatiyaṃ yācane ca:going and begging:I
30:adda:hiṃsāyaṃ:hurting:VIII
31:ana:pāṇane:breathing (sasana):I
32:anu-rudha:kāme:desire; wish (icchā):III
33:anu-vi-dhā:anukaraṇe:imitating:III
34:antara-dhā:adassane:not seeing; disappearance:III
35:andha:diṭṭhūpasaṃhāre:removing of sight; destruction of sight (cakkhusaññitāya diṭṭhiyā upasaṃhāro, apanayanaṃ vināso vā):VIII
36:apa:pāpuṇe:reaching:IV
37:appa:pāpuṇe:reaching:VII
38:abi:sadde:making sound:I
39:abba:gatiyaṃ hiṃsāyañ ca:going and hurting:I
40:abbha:gatiyaṃ:going:I
41:abhi:sadde:making sound:I
42:ama:gatimhi:going:I
43:ama:roge:ailing; illness:VIII
44:aya:gatiyaṃ:going:I
45:ara:gatiyaṃ:going:I
46:araha:pūjāyaṃ:venerating; honoring:I
47:araha:pūjāyaṃ:venerating; honoring:VIII
48:ala:bhūsane:ornamenting; decorating:I
49:ava:pālane:protecting:I
50:asa:gatiyaṃ dity-ādānesu ca:going, shining and taking; seizing; grasping:I
51:asa:bhuvi:being; existing:I
52:asa:bhojane:eating:V
53:asu:khepe:throwing (khipana):III
54:asu:byāpane:pervading:IV
55:ahi:gatiyaṃ:going:I
56:aḷa:uggame:rising; going up:I
57:ā-gamu:īsam adhivāsane:waiting:VIII
58:ā-camu:dhovane:washing:VIII
59:ā-dā:gahaṇe:taking:III
60:āpa:byāpane:pervading:IV
61:āpu:lambane:hanging:VIII
62:ā-bhuja:vitakke?:reflecting:I
63:ā-rabha:hiṃsā-karaṇa-vāyamanesu:hurting; doing and striving:I
64:āsa:upavesane:sitting (nisīdana):I
65:āsisi:icchāyaṃ:wishing; desiring:I
66:i:gatiyaṃ:going:I
67:i:ajjhayane:reciting; learning (uccāraṇa, sikkhana):I
68:ikkha:dassan’-aṅkesu:seeing and marking:I
69:ikhi:gatyatthe:going:I
70:igi:gamane :going:I
71:iṭa:gatiyaṃ:going:I
72:iṇu:gatiyaṃ:going:VII
73:idi:paramissariye:supremacy:I
74:idha:vuddhiyaṃ:increasing; growing:III
75:ila:kampane:trembling:I
76:ila:gatiyaṃ:going:I
77:ila:peraṇe:crushing; grinding:VIII
78:isa:uñche:gleaning:I
79:isa:pariyesane:searching; seeking:I
80:isa:abhikkhaṇe:doing continuously:V
81:isi:gatiyaṃ:going:I
82:isu:icchāyaṃ:wishing; desiring:I
83:issa:issāyaṃ:jealously; envy:I
84:iḷa[īḷa (Smith)]:thavane:praising; extolling:VIII
85:īja:gatiyaṃ:going:I
86:īdī:sandīpane:shining; showing clearly:VIII
87:īra:vacane gati-kampanesu ca:saying; going and trembling:I
88:īra:khepane:throwing; casting:VIII
89:īsa:hiṃsā-gati-dassanesu:hurting, going and seeing:I
90:īsa:issariye:supremacy; domination (issarabhāva):I
91:īha:cetāyaṃ:striving; exerting; urging:I
92:īḷa:thutiyaṃ:praising:I
93:u:sadde:making sound:I
94:ukkha:secane:sprinkling; pouring:I
95:ukha:gatyatthe:going:I
96:uca:samavāye:combination; coming together:III
97:ucha:pipāsāyaṃ:thirst:I
98:uchi[uñchi (Smith)]:uñche:searching; seeking (pariyesana):I
99:uju:ajjave:straightness; rectitude (ujubhāva):I
100:ujjha:ussagge:throwing away; rejection (chaḍḍana):I
101:uṭha:upaghāte:hurting; injuring; killing:I
102:uda:karīsossagge mode kīḷāyañ ca:releasing excrement; rejoicing and sporting; playing:I
103:udi:pasava-kiledanesu:flowing (sandana) and wetness; moistness (tintatā):II
104:uddhasa:uñche:seeking; searching (pariyesana):V
105:upa[‘ñapa’ suggested by Smith (page 553)]:pajjane:being; existing:VIII
106:ubbi[ubbī (Smith)]:hiṃsatthe:hurting:I
107:ubbha:pūraṇe:filling:I
108:ubha:pūraṇe:filling:I
109:umbha:pūraṇe:filling:I
110:usa[ūsa (Smith)]:rujāyaṃ:paining; afflicting:I
111:usa:dāhe:heat (uṇha):VI
112:usu:upadāhe:burning:I
113:ūna:parihāniyaṃ:loss; decrease:VIII
114:ūyī:tantasantāne:weaving; sewing:I
115:ūha:vitakke:thinking; reflecting:I
116:eja:kampane:trembling:I
117:eja:dittiyaṃ:shining:I
118:eṭha:vibādhāyaṃ:oppressing; harming:I
119:edha:vuddhiyaṃ lābhe ca:increasing, growing and gaining, acquiring:I
120:esa:buddhiyaṃ:knowing:I
121:esu:gatiyaṃ:going:I
122:okha:sosanālamatthesu:making dry and to be able; to suffice; to adorn; to prevent:I
123:oṇa:apanayane:removing:I
124:opa:niṭṭhubhane:spitting (kheḷa-pātana):I
125:opa:thapane:placing; putting:VIII
126:opuji:vilimpane:anointing; smearing:I
127:omā:sāmatthiye:ability (samatthabhāva):I
128:oha:cāge:giving up; abandonment:I
129:kaka:loliye:unsteadiness; fickleness (lolabhāva):I
130:kaki:gatyatthe:going:I
131:kakkha:hasane:laughing:I
132:kakha:hasane:laughing:I
133:kakhi:kaṅkhāyaṃ:doubting:I
134:kakhi:icchāyaṃ:wishing; desiring:I
135:kaca:bandhane:binding:I
136:kaca:dittiyaṃ:shining:VIII
137:kajja:byathane:hurting (hiṃsā):I
138:kaṭa:vass’-āvaraṇesu:raining and covering; obstructing:I
139:kaṭa:gatiyaṃ:going:I
140:kaṭha:kicchajīvane:difficult or painful living:I
141:kaṭhi:soke:grieving; sorrowing:VIII
142:kaḍi:chede:cutting:VIII
143:kaḍḍha:ākaḍḍhane:pulling; dragging:I
144:kaṇa:sadde:making sound:I
145:kaṇa:nimīlane:winking; blinking:VIII
146:kaṇṇa:savane:hearing (see also chidda):VIII
147:kati:suttajanane:making a thread; spinning:I
148:kati:chedane:cutting:I
149:kati:chedane:cutting:II
150:kattara:sethille:looseness; weakness:VIII
151:kattha:silāghāyaṃ:praising:I
152:katha:hiṃsāyaṃ:hurting:I
153:katha:nippāke:cooking:I
154:katha:kathane:talking:VIII
155:katha:vākyapabandhe:connecting sentences; composition:VIII
156:kathi:koṭille:crookedness:I
157:kada:avhāne rodane ca:calling and crying:I
158:kadi:avhāne rodane ca:calling and crying:I
159:kadi:velambe:hanging down (vilambabhāva):I
160:kadda:kucchite sadde:making an unpleasant sound:I
161:kana:ditti-kantīsu:shining and desire; wish:I
162:kanuyī[kanūyī (Smith)]:sadde:making sound:I
163:kanda:sātacce:continuity (satatabhāva):VIII
164:kapa:karuṇāyaṃ:compassion:I
165:kapa:avakampane:shaking:VIII
166:kapi:gatiyaṃ:going:VIII
167:kapu:hiṃsā-takkalagandhesu[Rūpasiddhi page 419]:hurting and smell of resin:I
168:kapu:sāmatthiye:ability:I
169:kappa:vidhimhi:doing (kriyā):VIII
170:kappa:vitakke vidhimhi chedane ca:thinking, doing and cutting:VIII
171:kabba:gatiyaṃ:going:I
172:kabba:dabbe[dappe (Smith)]:egotism; arrogance (ahaṅkāra):I
173:kamu:padavikkhepe:walking (padasā gamana):I
174:kamu:icchā-kantīsu:wishing and delighting:VIII
175:kara:karaṇe:doing:VII
176:kala:saṅkhyāne[saṃkhāne (Smith)]:calculating:I
177:kala:khepe:throwing:VIII
178:kala:gati-saṅkhyānesu[gati-saṃkhānesu (Smith)]:going and calculating:VIII
179:kaladi:avhāne rodane ca:calling and crying:I
180:kalaha:kucchane:reproaching; contempt:I
181:kalidi:paridevane:lamenting:I
182:kalla:asadde:silence; noiseless (nissadda):I
183:kava:vaṇṇe:color:I
184:kasa:vilekhane:scratching; writing:I
185:kasa:hiṃsatthe:hurting:I
186:kasa:hiṃsāyaṃ:hurting:I
187:kasī:gati-sosanesu[°sāsanesu (Smith)]:going and making dry:I
188:kassa:gatiyaṃ:going:I
189:kaḷa:made kakkasse ca:intoxicating and roughness; harshness (kakkasiyaṃ, pharusabhāvo):I
190:kaḷa:secane:sprinkling; pouring:I
191:kātha:hiṃsāyaṃ:hurting:VIII
192:kāsa:saddakucchāyaṃ:coughing:I
193:kāsu:dittiyaṃ:shining (virājanatā); manifestation (pākaṭatā):I
194:ki:hiṃsāyaṃ:hurting:IV
195:kici:maddane:crushing:VIII
196:kiṭa:gatiyaṃ:going:I
197:kita:nivāse rogāpanayane ca:living and removing illness; curing:I
198:kita:ñāṇe:knowing:I
199:kitta:saṃsandane[saṃsaddane (Smith)]:discussing:VIII
200:kipa:dubballe:weakness; feebleness:VIII
201:kila[kīla (Smith)]:bandhe:binding:I
202:kila:pītiya-kīḷanesu:joyfulness (pītassa bhāvo) and playing; sporting (kīḷā):I
203:kilisa:bādhane:hindering; afflicting:I
204:kilisa:upatāpe:vexation; tormenting:III
205:kilisa:vibādhane:hindering; obstructing:V
206:kilota:addabhāve:moistness; wetness (tintabhāva):I
207:kivi:hiṃsāyaṃ:hurting:IV
208:kī:dabbavinimaye:exchange of goods; trading (kayavikkaya-vasena bhaṇḍassa parivattanaṃ):V
209:kīṭa:bandhe:binding (bandhana):VIII
210:kīḷa:vihāre:sporting:I
211:ku:sadde:making sound:I
212:ku:kucchāyaṃ:reproaching (garahā):VI
213:kuka:ādāne:taking; seizing:I
214:kuca:sadde tāre:very high sound (accuccasadda):I
215:kuca:saṃpaccana-koṭilla-paṭikkama-vilekhanesu:uniting; crookedness; going back and scratching; writing:I
216:kuca:saṅkocane:contracting; distorting:I
217:kuccha:avakkhepe:throwing down (adhokhipana):VIII
218:kuji:abyattasadde:inarticulate sound:I
219:kuji:saddatthe:making sound:I
220:kuju:theyyakaraṇe:stealing:I
221:kujja:adhomukhīkaraṇe:facing down:I
222:kuñca:koṭill’-appībhāvesu:crookedness and smallness; littleness:I
223:kuṭa:koṭille:crookedness:I
224:kuṭa[tuṭa (Smith)]:chedane:cutting:I
225:kuṭi[kūṭī (Smith)]:dāhe:burning:VIII
226:kuṭṭa:chedane:cutting:VIII
227:kuṭhi:ālasiye gatipaṭighāte ca:laziness and obstructing the going (action):I
228:kuṭhi:soke:grieving; sorrowing:I
229:kuḍi:dāhe:burning:I
230:kuḍi:vedhane[veṭhane (Smith)]:piercing:VIII
231:kuṇa:saddopakaraṇe:component of a sound; making sound:I
232:kuṇa:saṅkocane:contracting; shrinking:VIII
233:kuṇa:āmantane:calling; addressing:VIII
234:kutha:hiṃsāyaṃ:hurting:I
235:kuthi:hiṃsā-saṃkilesesu:hurting and defiling:I
236:kuda:kīḷāyaṃ:playing; sporting:I
237:kudi:anatabhāsane:lying; speaking falsehood:VIII
238:kudha:kope:to be angry:III
239:kupa:kope:to be angry:III
240:kupa:bhāsāyaṃ:speaking:VIII
241:kubi:acchādane:clothing; covering:I
242:kubi:acchādane:clothing; covering:VIII
243:kubbi[kubbī (Smith)]:uggame:rising; going up:I
244:kumāra:kīḷāyaṃ:playing; sporting:VIII
245:kura:sadde akkose ca:making sound and insulting; abusing:I
246:kula:saṅkhāne bandhumhi ca:calculating and relative; relation:I
247:kusa:avhāne rodane ca:calling and crying:I
248:kusi:bhāsāyaṃ:speaking:VIII
249:kusu:haraṇa-dittīsu:carrying and shining:III
250:kuha:vimhāpane:making others astonished; pretending:VIII
251:kuḷa[kūḷa (Smith)]:ghasane:eating:I
252:kūṭa:appasāde:displeasing; disliking:VIII
253:kūla:āvaraṇe:obstructing; covering:I
254:ke:sadde:making sound:I
255:keta:āmantane:calling; addressing:VIII
256:kele:mamāyane:taking ‘It is mine’ by attachment or wrong view:I
257:kelu:gatiyaṃ:going:I
258:kevu:secane:sprinkling; pouring:I
259:khaja:manthe:stirring (viloḷana):I
260:khaji:gativekalle:deficiency in going (limping):I
261:khaji:dāne gatiyañ ca:giving and going:I
262:khaji:kicchajīvane:difficult or painful living:VIII
263:khaji:rakkhaṇe:protecting:VIII
264:khajja:byathane majjane ca:hurting and purity (suddhi):I
265:khaṭa:kaṃse:digging (Ns.):I
266:khaṭṭa:saṃvaraṇe:restraining; protecting:VIII
267:khaḍi:manthe[khaṇḍe (Sī; Smith)]:stirring; churning:I
268:khaḍi:chede:cutting:VIII
269:khada:theriye dhiti-hiṃsāsu ca:firmness; energy and hurting:I
270:khadi[khādi (Smith)]:parighāte:killing; injuring all around (samantato hananaṃ):I
271:khadda:daṃsane:stinging; biting (dantasukatakattikā kriyā):I
272:khanu:avadāraṇe:breaking; digging:I
273:khanda:gati-sosanesu:going and making dry:I
274:khapi:khantiyaṃ:patience:VIII
275:khabba:gatiyaṃ:going:I
276:khabba:dabbe[dappe (Smith)]:egotism; arrogance (ahaṅkāra):I
277:khabhi:paṭibaddhe[paṭibandhe (Smith)]:depending; tied or bound to:I
278:khamāya:vidhūnane:trembling; shaking:I
279:khamu:sahane:enduring:I
280:khara:khaye:exhaustion; destruction:I
281:khala:calane:trembling; agitating:I
282:khala:sañcinane:accumulating:I
283:khala:soceyye:purity (sucibhāva):VIII
284:khaḷa:bhede:breaking; dividing:VIII
285:khā:pakathane:telling; announcing; preaching (ācikkhana, desana):I
286:khāda:bhakkhane:eating:I
287:khi[khī (Smith)]:khaye:exhaustion; destruction:I
288:khi:nivāse:living:I
289:khi:khaye:exhaustion; destruction:III
290:khi:nivāse kodha-hiṃsāsu ca:living; to be angry and hurting:III
291:khi[khī (Smith)]:gatiyaṃ:going:V
292:khija[khīja (Smith)]:abyattasadde:inarticulate sound:I
293:khiṭa:uttāsane:to fear:I
294:khiṇu:hiṃsāyaṃ:hurting:VII
295:khidi:avayave[avayave ti (Candaviduno)]:limb; part; constituent:I
296:khidi:dīniye:wretchedness; poverty (dīnabhāva):III
297:khipa:peraṇe:grinding; crushing (cuṇṇikaraṇa, pisana):I
298:khipa:abyattasadde:inarticulate sound:I
299:khipa:chaḍḍane:throwing away; rejecting:I
300:khipa:peraṇe:grinding; crushing:III
301:khipa:khepe:throwing:IV
302:khipi:gatiyaṃ:going:I
303:khivu:nidassane:pointing out; indicating:I
304:khivu[khīvu (Smith)]:made:intoxicating:I
305:khivu:nidassane[nirasane (Smith)]:pointing out; indicating:III
306:khī:khaye:exhaustion; destruction:IV
307:khu:sadde:making sound:I
308:khuju:theyyakaraṇe:stealing:I
309:khuṇu:hiṃsāyaṃ:hurting:VII
310:khuda:kīḷāyaṃ:playing; sporting:I
311:khudi:āpavane:jumping:I
312:khubha:sañcalane:agitating:I
313:khubha:sañcalane:agitating:III
314:khura:chedane vilekhane ca:cutting and scratching; writing:I
315:khusi:akkosane:abusing; insulting:VIII
316:khuḷa:ghasane bālye ca:eating and childhood:I
317:khe:khādana-sattāsu:eating and existing:I
318:khe:khaye:exhaustion; destruction:I
319:kheṭa:bhakkhaṇe:eating:VIII
320:khepa:peraṇe:grinding; crushing (cuṇṇikaraṇa):VIII
321:khelu:gatiyaṃ:going:I
322:khevu:secane:sprinkling; pouring:I
323:khoṭa:khepe:throwing:VIII
324:khoda:paṭighāte:striking:I
325:khola:gatipaṭighāte:limping:I
326:khyā:pakathane:telling; announcing; preaching:I
327:gaja:saddatthe:making sound:I
328:gaja:maddana-saddesu:crushing and making sound:VIII
329:gajja:saddatthe:making sound:I
330:gaḍi:vadanekadese:a part of the mouth; action of the mouth:I
331:gaḍi:made:intoxicating:I
332:gaṇa:gatiyaṃ:going:I
333:gaṇa:saṅkhyāne[saṃkhāne (Smith)]:calculating:VIII
334:gaṇecu[galocu (Smith)]:theyyakaraṇe:stealing (thenana, corikā):I
335:gada:viyattiyaṃ vācāyaṃ:articulate speech:I
336:gada:devasadde:thundering (meghasadda):VIII
337:gadda:sadde:making sound:I
338:gaddha:abhikaṅkhāyaṃ:longing; desiring; wishing:VIII
339:gantha:santhambhe:supporting:VIII
340:gandha:sūcane addane:showing (pakāsana) and floating (pariplutā):VIII
341:gabba:gatiyaṃ:going:I
342:gabba:dabbe[dappe (Smith)]:egotism; arrogance (ahaṅkāra):I
343:gabba:māne:selfishness, pride (ahaṃkāra):VIII
344:gabbha:dhāraṇe:holding; bearing:I
345:gamu:gatiyaṃ:going:I
346:gara:secane:sprinkling; pouring:I
347:gara:uggame:rising; going up:I
348:gara:uggame:raising; going up:VIII
349:garaha:kucchane:reproaching:I
350:garaha:vinindane:reproaching:VIII
351:gala:adane:eating:I
352:gavesa:maggane:searching; seeking:VIII
353:gasu:adane:eating:I
354:gaha:gahaṇe:taking:I
355:gaha:upādāne:firmly taking (gahaṇa):VI
356:gā:gatiyaṃ:going:I
357:gādha:patiṭṭhā-nissaya-gandhesu[°ganthesu (Smith)]:footing; supporting and smell:I
358:gāhu:viloḷane:stirring; churning:I
359:gidhu:abhikaṅkhāyaṃ:longing; desiring; wishing:III
360:gira:niggiraṇe:trickling; oozing; dripping (paggharaṇa):I
361:gila:ajjhoharaṇe:swallowing:I
362:gile:pītikkhaye:loss of joy:I
363:gilevu:secane:sprinkling; pouring:I
364:gilesu:anvicchāyaṃ:wishing again and again (punappunaṃ icchā):I
365:gu:karīsussagge:voiding of excrement (vaccakaraṇa):I
366:gu:sadde:making sound:I
367:gu:uggame:rising; going up; manifesting (pākaṭatā):I
368:gucu:theyyakaraṇe:stealing (thenana, corikā):I
369:guji:abyattasadde:inarticulate sound:I
370:guṇa:āmantane:calling; addressing:VIII
371:guda:kīḷāyaṃ:playing; sporting:I
372:gudha:pariveṭhane:wrapping; covering:III
373:gupa:rakkhaṇe:protecting:I
374:gupa:gopana-jigucchanesu:protecting and disgusting; disliking:I
375:gupa:bhāsāyaṃ:speaking:VIII
376:gupha:ganthe:tying; making a knot (ganthikaraṇa):I
377:guhū:saṃvaraṇe:restraining; protecting:I
378:guḷa:rakkhāyaṃ:protecting:I
379:ge:sadde:making sound:I
380:ge:sadde:making sound:IV
381:gevu:secane:sprinkling; pouring:I
382:gottha:vaṃse:lineage:I
383:goma:upalepane:coating; smearing:VIII
384:ghaṭa:saṃghāte:accumulating; collecting:I
385:ghaṭa:cetāyaṃ:urging:I
386:ghaṭa:saṅghāte:accumulating; collecting:VIII
387:ghaṭa:saṅghāṭe hantyatthe ca[In Pāṇinīya-Dhātupāṭha ‘hantyarthāś ca’ is a Gaṇa Sūtra meaning the roots denoting killing take ṇic without change of sense. See Vasu ii 474.]:accumulating; collecting and striking; killing:VIII
388:ghaṭa:bhāsāyaṃ:speaking:VIII
389:ghaṭi:bhāsāyaṃ:speaking:VIII
390:ghaṭṭa[ghaṭa (Smith)]:ghaṭṭane[ghaṭane (Smith)]:striving (vāyāma-karaṇa):VIII
391:ghaṭṭa:calane:trembling:VIII
392:ghaṇi:gahaṇe:taking:I
393:ghara:secane:sprinkling; pouring:I
394:ghasu[ghusu (Smith)]:saṃharise:knocking against; colliding (saṅghaṭṭana):I
395:ghā:gandhopādāne:smelling:I
396:ghā:gandhopādāne:smelling:III
397:ghiṇi:gahaṇe:taking:I
398:ghiṇu:dittiyaṃ:shining:VII
399:ghu:abhigamane:attaining; obtaining; understanding (adhigamana):I
400:ghu:sadde:making sound:I
401:ghuṭa:parivattane:turning or rolling round:I
402:ghuṭa:paṭighāte:striking:I
403:ghuṇa:gamane:going:I
404:ghuṇi:gahaṇe:taking:I
405:ghuṇṇa:gamane:going:I
406:ghura:abhimatta[bhīmattha (Smith)]-saddesu:intense intoxication and making sound:I
407:ghusa:sadde:making sound:I
408:ghusa:sadde:making sound:VIII
409:ghusi:visaddane:shouting (ugghosana):VIII
410:ghusī:kantikaraṇe:making what is pleasing:I
411:ghora:gatipaṭighāte:limping (gatipaṭihanana):I
412:caka:titti-paṭighātesu:satisfying (tappana) and striking:I
413:cakka:byathane:hurting; oppressing:VIII
414:cakkha:viyattiyaṃ vācāyaṃ:articulate speech:I
415:cacca:paribhāsana-vajjanesu:abusing; blaming; censuring and avoiding:I
416:cacca:ajjhayane:reciting; learning:VIII
417:caja:cāge:giving up; abandoning:I
418:cañcu:gatiyaṃ:going:I
419:caṭa:paribhāsane:abusing; blaming; censuring:I
420:caḍi:kope:to be angry:I
421:caṇa:dāne:giving:I
422:catī:hiṃsā-gandhesu:hurting and smelling:I
423:cada:yācane:requesting (ajjhesana):I
424:cadi:samiddhiyaṃ hilādane dittiyañ ca:success, prosperity; flirting and splendor, beauty; shining:I
425:capa:kakkane:making powder; pulverizing:VIII
426:cabba:gatiyaṃ:going:I
427:camu:adane:eating:I
428:camba:adane:eating:I
429:caya:gatiyaṃ:going:I
430:cara:caraṇe:walking; going:I
431:cara:gati-bhakkhaṇesu:going and eating:I
432:cara:asaṃsaye:not doubting:VIII
433:cala:kampane:trembling:I
434:casa:bhakkhaṇe:eating:I
435:caha:parisakkane:endeavoring; trying:I
436:caha:parikatthane:boasting:VIII
437:cāyu:pūjā-nisāmanesu:venerating, honoring (pūjanā) and looking; hearing (olokana, savana):I
438:ci:caye:piling:IV
439:ci:caye:piling:V
440:cika[cīka (Smith)]:āmasane:touching; rubbing:VIII
441:cikkha:viyattiyaṃ vācāyaṃ:articulate speech:I
442:ciṅgula:paribbhamane:turning round and round; rotating:VIII
443:ciṭa:pesane:sending:I
444:cita:sañcetane:urging:VIII
445:citī:saññāṇe:making a mark (cihana, lakkhaṇakaraṇa):I
446:citta:cittakaraṇe, kadāci dassane pi:making variegated (vicittabhāvakaraṇa) and seeing that is rare or unusual:VIII
447:cine:maññanāyaṃ:imagining; regarding:I
448:cinta:cintāyaṃ:thinking:VIII
449:ciri:hiṃsāyaṃ:hurting:IV
450:cila:vasane:to clothe:I
451:cilla:seṭhille:looseness; weakness (siṭhilabhāva):I
452:civa[cīva (Smith)]:bhāsāyaṃ:speaking:VIII
453:civu[cīvu (Smith)]:ādāna-saṃvaresu:taking; seizing and restraining:I
454:cu:cavane:falling; dying:I
455:cu:gatiyaṃ:going:I
456:cu:cavane[cāvane (Smith)]:falling; dying:VIII
457:cukka:byathane:hurting; oppressing:VIII
458:cuṭa:appībhāve:smallness; littleness:I
459:cuṭa:chedane:cutting:I
460:cuṭa:chedane:cutting:VIII
461:cuṭa[caṭa (Smith)]:vibhede:dividing:VIII
462:cuṭi:chedane:cutting:VIII
463:cuṭṭa:appabhāve:smallness; littleness:VIII
464:cuḍḍa:hāvakaraṇe:flirting; dalliance:I
465:cuṇa:chedane:cutting:I
466:cuṇa[cūṇa (Smith)]:saṅkocane:contracting; shrinking:VIII
467:cuṇṇa:peraṇe:grinding; crushing:VIII
468:cuta:āsecane kharaṇe ca:sprinkling and flowing:I
469:cuda:sañcodane āṇattiyañ ca:accusing and ordering; commanding:VIII
470:cupa:mandagatiyaṃ:going slowly:I
471:cubi:vadanasaṃyoge:kissing:I
472:cura:theyye:stealing:VIII
473:culla:hāvakaraṇe:flirting; dalliance (vilāsakaraṇa):I
474:cusa[cūsa (Smith). In Kāśakṛtsna cūṣ a, tūṣ a, pūṣ a, mūṣ a, ṣūṣ a, are shown with short ‘u.’ Footnote to Kṣī 94.]:pāne:drinking:I
475:ceṭa:ceṭāyaṃ:urging:I
476:celu:gatiyaṃ:going:I
477:cevi:cetanātulye:urging; being equal:I
478:chaṭṭa:chaṭṭane:discarding:VIII
479:chaḍḍa:chaḍḍane:throwing away; rejecting:VIII
480:chada:saṃvaraṇe:restraining; protecting:VIII
481:chada:apavāraṇe:covering; concealing:VIII
482:chadi:ujjhane:leaving; abandoning:I
483:chadī:icchāyaṃ:wishing; desiring:VIII
484:chadda:vamane:vomiting:VIII
485:chama:gatimhi:going:I
486:chamu:adane:eating:I
487:chida[cheda (Smith)]:dvedhākaraṇe:making into two; cutting; dividing:VIII
488:chidi:dvedhākaraṇe:making into two; cutting; dividing:II
489:chidi:chijjane:cutting itself:III
490:chidda:kaṇṇabhede:piercing the ears:VIII
491:chu:chedane:cutting:I
492:chuṭa:chedane:cutting:I
493:chuṭa:chedane:cutting:VIII
494:che[cho (Smith)]:chedane:cutting:III
495:jakkha:bhakkhaṇe hasane ca:eating and laughing:I
496:jaggha:hasane:laughing:I
497:jacca:paribhāsana-vajjanesu:abusing; blaming; censuring and avoiding:I
498:jaja:yuddhe:fighting (yujjhana):I
499:jaji:yuddhe:fighting (yujjhana):I
500:jajjha:paribhāsana-tajjanesu:abusing; blaming; censuring and threatening, menacing:I
501:jaṭa:saṃghāte:accumulating; collecting:I
502:jana:sadde:making sound:I
503:jana:janane:making; producing:III
504:janī:pātubhāve:manifesting:III
505:jabha:gattavināme:bending the body or the limbs:I
506:jabhi:gattavināme:bending the body or the limbs:I
507:jabhi:nāsane:destroying:VIII
508:jamu:adane:eating:I
509:jara:roge:aging (jararoga):I
510:jara:vayohānimhi:aging:VIII
511:jala:dittiyaṃ:shining:I
512:jala:dhaññe:prosperity:I
513:jala:apavāraṇe:covering; concealing:VIII
514:jasa:hiṃsatthe:hurting:I
515:jasa:hiṃsāyaṃ:hurting:VIII
516:jasa:tāḷane:beating; striking:VIII
517:jasi:rakkhaṇe:protecting:VIII
518:jāgara:niddakkhaye:awakening:I
519:jāgara:niddakkhaye:awakening:VII
520:ji:jaye:conquering; winning:I
521:ji:abhibhavane[abhibhave (Smith)]:overpowering:I
522:ji:jaye:conquering; winning:V
523:ji[jī (Smith)]:jāniyaṃ:loss; deprivation:V
524:jimu[jamu (Smith)]:adane:eating:I
525:jiri:hiṃsāyaṃ:hurting:IV
526:jisu:secane:sprinkling; pouring:I
527:jīra:brūhane:developing; increasing (vaḍḍhana):I
528:jīva:pāṇadhāraṇe:keeping the life:I
529:ju:gatiyaṃ:going fast (sīghagati):I
530:jugi:vajjane:avoiding:I
531:juta:bhāsane:saying; speaking (udīraṇa):I
532:juta:dittiyaṃ:shining:I
533:juta:dittiyaṃ:shining:VI
534:jusa[jūsa (Smith)]:hiṃsatthe:hurting:I
535:jusa:paritakkane:reflecting; considering:VIII
536:jusi[jusī (Smith)]:pīti-sevanesu:joy and associating:I
537:jusi:pīti-sevanesu:joy and associating; serving:VI
538:juḷa:gatiyaṃ:going:I
539:juḷa:bandhane:binding:I
540:juḷa:peraṇe:grinding; crushing:VIII
541:je:khaye:exhaustion; destruction:I
542:jesu:gatiyaṃ:going:I
543:jehu:payatane:striving:I
544:jha[“Roots ending in ‘jha’ and ‘ña’ are not generally met with (in curādi group). But in the grammatical treatises (Sanskrit) they read ‘ñā niyojane.’ However, this example is not in accordance with the Buddha’s word. Therefore, it is not shown.” Saddanīti, page 296.]:::VIII
545:jhapa:dāhe:burning:VIII
546:jhamu:adane:eating:I
547:jhasa:hiṃsatthe:hurting:I
548:jhe:cintāyaṃ:thinking; reflecting:I
549:jhe:dittiyaṃ:shining:I
550:ñapa:tosana-nisānesu:giving pleasure and sharpening:VIII
551:ñamu:adane:eating:I
552:ñā:avabodhane:knowing; understanding:I
553:ñā:māraṇa-tosana-nisānesu:killing; pleasure; joy and sharpening:I
554:ñā:avabodhane:knowing; understanding:V
555:ṭala:velambe:hanging down:I
556:ṭika[ṭīka (Smith)]:gatyatthe:going:I
557:ṭula:velambe:hanging down:I
558:ṭeka:gatyatthe:going:I
559:ṭhā:gatinivattiyaṃ:stopping from going; standing:I
560:ṭhā:gatinivattiyaṃ:stopping from going; standing (uppajjamānassa gamanass’ upacchedo):III
561:ṭhe:sadda-saṅkhātesu:making sound and telling:I
562:ṭhe:veṭhane:wrapping; enveloping:I
563:ḍapa:saṅghāte:accumulating; collecting:VIII
564:ḍi[ḍī (Smith)]:vihāyasagatiyaṃ gamanamatte ca:flying and mere going:I
565:ḍi[ḍī (Smith)]:khipan’-uḍḍanesu:throwing and flying up:I
566:ḍi[dī (Smith)]:gatiyaṃ:going:III
567:ḍipa:khepe:throwing:I
568:ḍipa:saṅghāte:accumulating; collecting:VIII
569:taka:hasane:laughing (hāsa):I
570:taki:kicchajīvane:difficult or painful living (kasirajīvana):I
571:taki:bandhane:binding:VIII
572:takka:vitakke:thinking; reflecting:VIII
573:takka:bhāsāyaṃ:speaking:VIII
574:takkha:tapane:restraining (saṃvaraṇa):I
575:taggha:pālane:protecting:I
576:tagi:gamane :going:I
577:taca:saṃvaraṇe:protecting (rakkhaṇa):I
578:tacca:hiṃsāyaṃ:hurting:I
579:taccha:tanukaraṇe:making thin; reducing:I
580:tajja:bhassane:scolding; frightening:I
581:tajja:santajjane:frightening; menacing:VIII
582:tañcu:gatiyaṃ:going:I
583:taṭa:ussaye:to be upright (āroha, ubbedha):I
584:taḍi:tāḷane:beating; striking:I
585:tadi:cetāyaṃ:urging:I
586:tadi:hiṃsānādaresu:hurting and disrespect:II
587:tadda:hiṃsāyaṃ:hurting:I
588:tanu:vitthāre:spreading; enlarging:VII
589:tanu:saddopatāpesu:making sound and tormenting:VIII
590:tanta:kuṭumbadhāraṇe:supporting a family:VIII
591:tapa:dittiyaṃ:shining (virocana):I
592:tapa:ubbege:terror (utrāsa); dread (bhīrutā):I
593:tapa:santāpe:heating:I
594:tapa:santāpe:heating:III
595:tapa:pīṇane:gladdening; satisfying:III
596:tapa[thapa (Smith)]:khaye:exhaustion; destruction:VIII
597:tapa:pīṇane:gladdening; satisfying:VIII
598:tapa:dāhe:burning:VIII
599:tapha:tittiyaṃ:satisfying; satiating (tappana):I
600:taya:gatiyaṃ:going:I
601:tara:plavana-taraṇesu:floating and crossing:I
602:tara:sambhame:instability (anavaṭṭhāna):I
603:tala:patiṭṭhāyaṃ:supporting:VIII
604:tasa:pipāsāyaṃ:thirst:III
605:tasa:pipāsāyaṃ:thirst:VI
606:tassa:santajjane:frightening; menacing:VIII
607:taḷa:tāḷane:beating; striking:VIII
608:taḷa:āghāte:anger; hatred:VIII
609:tā:pālane:protecting:III
610:tāyu:santāna-pālanesu:continuity and protecting:I
611:tāsa:vāraṇe:obstructing; hindering (nivāraṇa):VIII
612:tika:gatyatthe:going:I
613:tika:hiṃsāyaṃ:hurting:IV
614:tiga:hiṃsāyaṃ:hurting:IV
615:tija:nisāne khamāyañ ca:sharpening (tikkhatākaraṇa) and patience (khanti):I
616:tija:nisāne:sharpening; sharpness (tikkhatā):VI
617:tija:nisāne:sharpening:VIII
618:tiṇu:adane:eating:VII
619:timu:addabhāve:wetness; moistness (tintabhāva):I
620:tira:adhogatiyaṃ:going down:I
621:tila:gatiyaṃ:going:I
622:tila:sinehane:sticking:I
623:tila:sinehane:sticking:VIII
624:tiva[tīva (Smith)]:thūliye:thickness; bigness:I
625:tisa:tittiyaṃ:satiating; satisfying:I
626:tīra:kammasampattiyaṃ:completion of work; accomplishing (kammassa parisamāpana; niṭṭhāpana):VIII
627:tuja:hiṃsāyaṃ:hurting:I
628:tuji:balane hiṃsāyaṃ ca:ability (balanakriyā) and hurting:I
629:tuji:hiṃsā-bala-dāna-niketanesu:hurting; force; strength; giving and living (nivāsa):VIII
630:tuji:bhāsāyaṃ:speaking:VIII
631:tujja:bala-pālanesu:force, strength and protecting:VIII
632:tuṭa:kalahakammani:quarreling:I
633:tuḍi:toḷane:hurting; injuring:I
634:tuṇa:koṭille:crookedness:I
635:tuda:byathane:oppressing:I
636:tupa:hiṃsāyaṃ:hurting:I
637:tupha:hiṃsāyaṃ:hurting:I
638:tubi:addane:wetness; moistness:I
639:tubbi[tubbī (Smith)]:hiṃsatthe:hurting:I
640:tubha:hiṃsāyaṃ:hurting:I
641:tula:ummāne:measuring:VIII
642:tuvaṭṭa:nipajjāyaṃ:lying down; sleeping:VIII
643:tusa:sadde:making sound:I
644:tusa:tuṭṭhiyaṃ:liking; satisfaction:III
645:tusi:bhāsāyaṃ:speaking:VIII
646:tuhi:addane:wetness; moistness:I
647:tuḷa:toḷane:hurting; injuring:I
648:tūṇa:pūraṇe:filling:VIII
649:tūla:nikkarīse:lightness (lahubhāva):I
650:te:pālane:protecting (rakkhaṇa):I
651:thaka:paṭighāte:striking:VIII
652:thaga:saṃvaraṇe:restraining; protecting:I
653:thana:sadde:making sound:I
654:thana:devasadde:thundering (megha-sadda):VIII
655:thapa:thapane:placing; putting:VIII
656:thabhi:paṭibaddhe:to be stiff:I
657:thama:velambe:hanging down:I
658:thara:santharaṇe:spreading; covering:I
659:thala:ṭhāne:standing:I
660:thaha:hiṃsatthe:hurting:I
661:thā:gatinivattiyaṃ:stopping from going; standing:I
662:thivu:dittiyaṃ:shining:I
663:thu:thutiyaṃ:praising:I
664:thu:abhitthave:praising:V
665:thu:nitthunane:moaning; groaning:V
666:thuca:pasāde:clearness; brightness:I
667:thubbi[thubbī (Smith)]:hiṃsatthe:hurting:I
668:thūpa:samussaye[samussāye (Smith)]:height (āroha, ubbedho):VIII
669:thūla:paribrūhane:increasing; growing (vaḍḍhana):VIII
670:the:sadda-saṅghātesu:making sound and accumulating; collecting:I
671:thena:coriye:theft (corassa bhāva):VIII
672:thoma[The entry on page 311 of Saddanīti, Dhātumālā, is given out of order. ]:silāghāyaṃ:praising (pasaṃsā):VIII
673:daṃsa:daṃsane[dasane (Smith)]:stinging; biting:I
674:daṃsa:daṃsane:stinging; biting:VIII
675:daṃsu:gatiyaṃ:going:I
676:daka:assādane:tasting; enjoying:VIII
677:dakkha:vuddhiyaṃ sīghatte ca:increasing; growing and quickness:I
678:dakkha:hiṃsā-gatīsu:hurting and going:I
679:dakhi:ghoravāsite kaṅkhāyañ ca:making an unpleasant sound and doubting:I
680:daṇḍa:daṇḍavinipāte:punishing:VIII
681:dadha:dhāraṇe:holding; bearing:I
682:dadhi:asīghacāre:acting slowly; (asīghappavatti):I
683:dapa:hāse:laughing:III
684:dapha:gatiyaṃ:going:I
685:daphi:gatiyaṃ:going:I
686:dabi:sadde:making sound:I
687:dabhi:sadde:making sound:I
688:dabhi:ganthane:knitting; tying:I
689:dabhī:bhaye:fearing:VIII
690:dama:gatimhi:going:I
691:damu:damane:taming:III
692:daya:dāna-gati-hiṃs’-ādāna-rakkhāsu:giving; going; hurting; taking; seizing and protecting:I
693:dara:bhaye:fearing:I
694:dara:ādarānādaresu:respect and disrespect:I
695:dara:vidāraṇe:splitting; rending:I
696:dara:dāhe:burning:I
697:dala:visaraṇe:splitting; bursting:I
698:dala:vidāraṇe:rending; splitting:VIII
699:dalidda:duggatiyaṃ:poverty (duk-khassa gati patiṭṭhā):I
700:dasi:dassane daṃsane ca:seeing and stinging; biting:VIII
701:dasi:bhāsāyaṃ:speaking:VIII
702:daha:bhasmīkaraṇe dhāraṇe ca:burning and holding; bearing:I
703:daha:hiṃsatthe:hurting:I
704:dahi:vuddhiyaṃ:increasing; growing:I
705:dā:dāne:giving:I
706:dā:kucchite gamane:despicable going; being despicable:I
707:dā:sodhane:cleansing:III
708:dā:supane:sleeping:III
709:dā:dāne:giving:III
710:dā:avakhaṇḍane:breaking into pieces; destroying:III
711:dā:suddhiyaṃ:purity:III
712:dākha:sosanālamatthesu:making dry and to be able; to suffice; to adorn; to prevent:I
713:dāgha:āyāse sāmatthiye ca:fatigue (kilamana) and ability:I
714:dāna:avakhaṇḍane:breaking into pieces; destroying:I
715:dāsa:hiṃsāyaṃ:hurting:IV
716:dāsu:dāne:giving:I
717:dāhu:niddakkhaye:awakening:I
718:dāḷa:visaraṇe:spreading; pervading:I
719:dikkha:muṇḍiyôpanayana-niyama-bbat’-ādesesu:shaving the head; initiating; restraining; practice and pointing out:I
720:dikkha:hiṃsāyaṃ:hurting:IV
721:dica:thutiyaṃ:praising:I
722:dipha:kathana-yuddha-nindā-hiṃs’-ādānesu:talking; fighting; blaming; hurting and taking; seizing:I
723:divu:kīḷā-vijigisā-byavahāra-juti-thuti-kanti-gati-sattīsu:sporting; charming (ramaṇa); living (vihāra); wish to conquer (vijayicchā); trading (vohāra); splendor (sobhā); praising (thomanā); beauty (kamanīyatā); going (gamana); ability (sāmatthiya):III
724:divu:parikūjane:roaring (gajjana):VIII
725:divu:addane:inflicting; tormenting[“Some say ‘addana’ means ‘gandhapisana’ (crushing fragrant substance).” Saddanīti page 345.]:VIII
726:disa:hiṃsatthe:hurting:I
727:disa:pekkhane:seeing:I
728:disa:ādāna-saṃvaraṇesu:taking and restraining; protecting:I
729:disa:atisajjane:giving; preaching:I
730:disī:appītiyaṃ:disliking:I
731:disī:uccāraṇe:uttering:VIII
732:diha:upacaye:accumulation:I
733:dī:khaye:exhaustion; destruction:III
734:dīdhi:ditti-vedhanesu[°devanesu (Smith)]:shining and piercing:I
735:dīpa:dittiyaṃ:shining:III
736:du:gatiyaṃ:going:I
737:du[dū (Smith)]:paritāpe:tormenting:III
738:du:hiṃsāyaṃ:hurting:IV
739:du[dū (Smith)]:hiṃsāyaṃ:hurting:V
740:dukkha:takriyāyaṃ:experiencing ‘that = suffering’ (dukkhāya vedanāya kriyā):I
741:duṇa:gatiyaṃ hiṃsāyañ ca:going and hurting:I
742:dupha:upakkilese:impurity; defiling (upakkilissana):I
743:dubi:addane:inflicting; tormenting; hurting (hiṃsā):VIII
744:dubbi[dubbī (Smith)]:hiṃsatthe:hurting:I
745:dula:ukkhepe:throwing up (uddhaṃ khipanaṃ):VIII
746:dusa:dosane:offending; angering:III
747:dusa:appītiyaṃ:disliking:III
748:duha:papūraṇe:filling:I
749:duhi:addane:wetness; moistness:I
750:dūbha[dubha (Smith)]:santhambhe:supporting:VIII
751:de:sodhane:cleansing (pariyodāpana):I
752:de:pālane:protecting:I
753:deka:sadd’-ussāhesu:making sound (rava) and striving (vāyama):I
754:deṭa[deṭu (Smith)]:paribhāsane:abusing; blaming; censuring:I
755:debha:sadde:making sound:I
756:deva:devane:lamenting; sorrowing:I
757:devu:devane:lamenting; sorrowing:I
758:devu:plutagatiyaṃ:going jumping (pariplutagamana):I
759:desu:abyattasadde:inarticulate sound:I
760:dvara:saṃvaraṇe:restraining; protecting (rakkhaṇā):I
761:dhaka:paṭighāte gatiyañ ca:striking (paṭihanana) and going:I
762:dhakhi:ghoravāsite kaṅkhāyañ ca:making an unpleasant sound and doubting:I
763:dhaja:gatiyaṃ:going:I
764:dhaji:gatiyaṃ:going:I
765:dhana:dhaññe:prosperity (dhanana):I
766:dhana:sadde:making sound:I
767:dhana:sadde:making sound:VIII
768:dhanu:yācane:begging:III
769:dhama:sadd’-aggisaṃyogesu:making sound and starting a fire by blowing:I
770:dhara:dharaṇe:existing (vijjamānatā):I
771:dhara:aviddhaṃsane:non-destroying:I
772:dhara:avatthāne:standing; remaining:I
773:dhara:dhāraṇe:holding; bearing:VIII
774:dhasa:uñche:gleaning:VIII
775:dhā:dhāraṇe:holding; bearing:I
776:dhākha:sosanālamatthesu:making dry and to be able; to suffice; to adorn; to prevent:I
777:dhāvu:gatisuddhiyaṃ:clear going; running:I
778:dhāḷa:visaraṇe:spreading; pervading:I
779:dhikkha:sandīpana-kilesana-jīvanesu:shining, defiling and living:I
780:dhimha:niṭṭhubhane:spitting:I
781:dhivu[ṭhivu (Smith)]:nidassane:pointing out; indicating:I
782:dhivu[ṭhivu (Smith)]:nidassane[nirasane (Smith)]:pointing out; indicating:III
783:dhisa:sadde:making sound:I
784:dhī:anādare:disrespect:III
785:dhu:gati-theriyesu:going and firmness:I
786:dhukkha:sandīpana-kilesana-jīvanesu:shining, defiling and living:I
787:dhubbi[dhubbī (Smith)]:hiṃsatthe:hurting:I
788:dhū:vidhūnane:trembling; shaking:I
789:dhū:kampane:trembling:V
790:dhū:kampane:trembling:VIII
791:dhūpa:santāpe:heating:I
792:dhūpa:bhāsāyaṃ:speaking:VIII
793:dhūra[dhura (Smith)]:hucchane:crookedness (koṭilla):I
794:dhūsa:kantikaraṇe:beautifying:VIII
795:dhe:pāne:drinking:I
796:dhe[ṭhe (Smith)]:sadda-saṅghātesu:making sound and accumulating; collecting:I
797:dheka:sadd’-ussāhesu:making sound (rava) and striving (vāyama):I
798:dhora:gaticāturiye:skillfulness in going (gatichekabhāva):I
799:dhovu:dhovane:washing:I
800:nakka:nāsane:destroying:VIII
801:nakkha:sambandhe:connecting:VIII
802:nakkha:gatiyaṃ:going:I
803:nakha:gatyatthe:going:I
804:naṭa:natiyaṃ:bending:I
805:naṭa:avasandane:dancing; bending the body (gattavikkhepa):VIII
806:nata:gattavināme:dancing; bending the body (gattavikkhepa):III
807:nada:abyattasadde:inarticulate sound:I
808:nada:bhāsāyaṃ:speaking:VIII
809:nadda:sadde:making sound:I
810:nanda:samiddhiyaṃ:success; prosperity:I
811:nabha:hiṃsāyaṃ:hurting:I
812:nama:bahutte sadde:loud sound (uggatasadda):I
813:namassa:vandanānatiyaṃ:bowing down (vandanāsaṅkhātaṃ namanaṃ):I
814:namu:namane:bending; inclining:I
815:naya:rakkhaṇe gatiyaṃ ca:protecting and going:I
816:nara:nayane:leading:I
817:nala:ganthe[gandhe (Smith)]:tying; making a knot:I
818:nasa:koṭille:crookedness:I
819:nasa:adassane:not seeing; disappearance:III
820:naha:bandhane:binding:III
821:nātha:yācanôpatāp’-issariyāsīsāsu[°āsiṃsāsu (Smith)]:begging; vexation, trouble; supremacy, domination and wish, hope, desire:I
822:nādha:yācanādīsu:begging, etc. (as above):I
823:nāsu:sadde:making sound:I
824:nikka:parimāṇe:measuring:VIII
825:nikkha:cumbane:kissing:I
826:niji:abyattasadde:inarticulate sound:I
827:niñji:suddhiyaṃ:purity:I
828:nitami:kilamane:fatigue; weariness:I
829:nida:kucchā-sannikarisesu :reproaching, blaming (garahā) and to be near:I
830:nidi:kucchāyaṃ:reproaching; blaming (garahattha):I
831:nidapi:nidampane:removing seeds and leaves without cutting or breaking the plant:I
832:niva[nīva (Smith)]:thūliye:thickness; bigness:I
833:nivāsa:acchādane:clothing; covering:VIII
834:nisa:samādhimhi:putting together; unification of mind (samādhāna, cittekaggatā):I
835:nisa:baddhāyaṃ[phaddhāyaṃ (Smith)]:bondage; attachment (vinibaddha):I
836:nisī:cumbane:kissing:I
837:nisu:secane:sprinkling; pouring:I
838:nī:naye:leading; guiding:I
839:nī:pāpane:reaching; leading:I
840:nīla:vaṇṇe:color:I
841:nu:thutiyaṃ:praising:I
842:nuda:peraṇe:grinding; crushing (cuṇṇikaraṇa, pisana):I
843:neda:kucchā-sannikarisesu :reproaching, blaming (garahā) and to be near:I
844:nesu:gatiyaṃ:going:I
845:nhā:soceyye:purifying; cleaning:III
846:paṃsu:avasaṃsane:hanging down; falling down:I
847:pakka[phakka (Smith)]:nīcagatiyaṃ:going or existing low (hīnagamana, hīnappavatti):I
848:paca:byattikaraṇe[vyattīkaraṇe (Smith)]:making manifest, clear or distinct:I
849:paca:saṃpāke:cooking well:I
850:paca:pāke:cooking:I
851:paci:vitthāre:spreading; expanding:VIII
852:pacca:saṃyamane:restraining; abstaining:VIII
853:pañha:pucchāyaṃ:questioning:I
854:pañha:icchāyaṃ:wishing; desiring; longing:I
855:paṭa:gatiyaṃ:going:I
856:paṭa:bhāsāyaṃ:speaking:VIII
857:paṭa:ganthe:tying; making a knot:VIII
858:paṭha:viyattiyaṃ vācāyaṃ:articulate speech:I
859:paṭha:vikhyāne:to be manifest:I
860:paḍi:gatiyaṃ:going:I
861:paḍi:parihāse:laughing:VIII
862:paḍi:saṅghāte:accumulating; collecting:VIII
863:paṇa:byavahāre thutiyañ ca:trading; exchanging; doing business and praising:I
864:paṇa:byavahāre:trading; exchanging; doing business:VIII
865:paṇṇa:harite:being green; being fresh:VIII
866:pata:gatiyaṃ:going:I
867:pata:gatiyaṃ:going:VIII
868:pattha:yācanāyaṃ:begging:VIII
869:patha:gatiyaṃ:going:I
870:pathi:gatiyaṃ:going:VIII
871:pada:gatiyaṃ:going:III
872:pada:gatiyaṃ:going:VIII
873:pana:sadde:making sound:I
874:panu:dāne:giving:VII
875:pabba:gatiyaṃ:going:I
876:pabba:pūraṇe:filling:I
877:paya:gatiyaṃ:going:I
878:para:pālana-pūraṇesu:protecting and filling:I
879:para:gatiyaṃ:going:VIII
880:pala:lavana-pavanesu:cutting (chedana) and cleansing; cleaning (sodhana):VIII
881:pala:gatiyaṃ:going:VIII
882:palusu:upadāhe:burning:I
883:pasa:vitthāre:spreading; expanding:I
884:pasa:bādhana-phassanesu:afflicting and touching; contacting:I
885:pasa:bandhane:binding:VIII
886:pasi:nāsane:destroying:VIII
887:pā:pāne:drinking:I
888:pā:rakkhaṇe:protecting:I
889:pā:pūraṇe:filling:I
890:pāyi[pāyī (Smith)]:vuddhiyaṃ:increasing; growing:I
891:pāra:kammasampattiyaṃ:completion of work; accomplishing (kammassa parisamāpanaṃ; niṭṭhāpana):VIII
892:pāla:rakkhaṇe:protecting:VIII
893:piji:hiṃsā-bala-dāna-niketanesu:hurting; force, strength; giving and living (nivāsa):VIII
894:piji:bhāsāyaṃ:speaking:VIII
895:piṭa:sadda-saṅghāṭesu:making sound and accumulating; collecting:I
896:piṭha:hiṃsā-saṃkilesesu:hurting and defiling:I
897:piḍi:saṅghāte:accumulating; collecting:I
898:pila[mila (Smith)]:gahaṇe:taking:I
899:pila:khepe:throwing:VIII
900:pilahi:gatiyaṃ:going:I
901:piva[pīva (Smith)]:thūliye:thickness; bigness:I
902:pisa:cuṇṇane:grinding; crushing:II
903:pisa:bala-pāṇanesu:force, strength and breathing:VIII
904:pisa:pesane:sending:VIII
905:pisi:gatiyaṃ:going:I
906:pisi:bhāsāyaṃ:speaking:VIII
907:pisu:upadāhe:burning:I
908:pisu:avayave:limb; part; constituent:I
909:piha:icchāyaṃ:wishing; desiring:VIII
910:piḷadhi:alaṅkhāre:decorating; ornamenting:I
911:pī:tappana-kantīsu:to be pleased and to like:V
912:pī:pītiyaṃ:joy:IV
913:pīṇa:pīṇane:gladdening; satisfying (paripuṇṇatā):I
914:pīḷa:avagāhane:inflicting; tormenting:VIII
915:pu:gatiyaṃ:going:I
916:puccha:pañhe:questioning:I
917:puṭa:saṃkilesane:afflicting; defiling; smearing:I
918:puṭa:hiṃsāyaṃ:hurting:VIII
919:puṭa:vibhede:dividing:VIII
920:puṭa:bhāsāyaṃ:speaking:VIII
921:puṭṭa:appabhāve:smallness; littleness:VIII
922:puṇa:nipuṇe:to be clever; to be skillful:I
923:puṇa[pūṇa (Smith)]:saṅghāte:accumulating; collecting:VIII
924:puttha:ādarānādaresu:respect and disrespect:VIII
925:putha:bhāsāyaṃ:speaking:VIII
926:putha:pahāre:striking; hitting:VIII
927:puthi:hiṃsā-saṃkilesesu:hurting and defiling:I
928:puthu:vitthāre:spreading; expanding:I
929:punsa:abhimaddane:crushing; subjugating:VIII
930:puppha:vikasane:expanding; blooming; opening up:I
931:pubba:pūraṇe:filling:I
932:pubba:niketane:living (nivāsa):VIII
933:pura:aggagamane:going first; leading (padhānagamana, paṭhamam eva gamanaṃ vā):I
934:pula[pūla (Smith)]:saṅghāte:accumulating; collecting:I
935:pula:mahatte:greatness:I
936:pusa[See note at cusa]:buddhiyaṃ:knowing:I
937:pusa[pūsa (Smith)]:pasave:growing; bringing forth:I
938:pusa:posane:nourishing:I
939:pusa:sineha-savana-pūraṇesu:oil, sticking; hearing and filling:V
940:pusa:posane:nourishing:V
941:pusa:posane:nourishing:VIII
942:pusa:dhāraṇe:holding; bearing:VIII
943:pusu:upadāhe:burning:I
944:puḷa:sukhane:happiness:I
945:puḷa:saṅghāte:accumulating; collecting:I
946:pū:pavane:cleansing (sodhana):I
947:pū:pavane:cleansing (sodhana):V
948:pūja:pūjāyaṃ:venerating; honoring:VIII
949:pūyī:visaraṇe duggandhe ca:spreading (vippharaṇa) and bad smell:I
950:pūra:pūraṇe:filling:I
951:pūri:appāyane:fulfilling:VIII
952:pe:gatiyaṃ:going:I
953:pe:vuddhiyaṃ:increasing; growing:I
954:pe:sosane:making dry:I
955:pelu:gatiyaṃ:going:I
956:pesa:paṭiharaṇe:bringing back:VIII
957:pesu:gatiyaṃ:going:I
958:potha:pariyāyanabhāve[pariyāpanabhāve (Smith)]:going round:I
959:plu:gatiyaṃ:going:I
960:phaṇa:gatiyaṃ:going:I
961:phara:pharaṇe:pervading; spreading; going (byāpana, gamana):I
962:phala:visaraṇe:splitting; cracking:I
963:phala:nibbattiyaṃ[nipphattiyaṃ (Smith)]:producing; giving fruit:I
964:phala:abyattasadde:inarticulate sound:I
965:phala:bhede:breaking; dividing:I
966:phāyi[phāyī (Smith)]:vuddhiyaṃ:increasing; growing:I
967:phāla:vilekhane:scratching:I
968:phucha:visaraṇe:spreading; pervading:I
969:phuṭa:visaraṇe:spreading; bursting; splitting:I
970:phuṭa:vikasane:blooming; opening; expanding:I
971:phuṭa:vibhede:dividing:VIII
972:phuṇa:vikiraṇe vidhunane ca:scattering and shaking:I
973:phula:sañcale pharaṇe ca:trembling, shaking and pervading; spreading:I
974:phulla:vikasana-bhedesu:blooming; opening; expanding and breaking; dividing:I
975:phusa:samphasse:touching; contacting:I
976:bada:theriye:firmness (thirabhāva):I
977:baddha[bandha (Smith)]:saṃharise:binding (vinibad-dhakriyā):I
978:badha:bandhane:binding:VIII
979:bandha:bandhane:binding:I
980:bala:pāṇane:breathing; living (jīvana):I
981:bahi:vuddhiyaṃ:increasing; growing:I
982:bahi:vuddhiyaṃ sadde ca:increasing; growing and making sound:I
983:bādha:viloḷane:stirring:I
984:bila[bīla (Smith)]:patitthambhe:supporting:I
985:biḷa:akkose:insulting; abusing:I
986:bukka:bhassane:barking (sunakha-bhassana):I
987:bukka:bhassane:barking (sunakha-bhassana):VIII
988:buja[phūja (Smith)]:vajiranibbese[vajiranipphese (Smith)]:thundering:I
989:budha:bodhane:knowing:I
990:budha:avagamane:knowing (jānana):III
991:budha:bodhane:knowing (jānana); opening up (vikasana) and awakening (niddakkhaya):III
992:budhi:hiṃsāyaṃ:hurting:VIII
993:bundi:nisāne:sharpening; to be sharp (tejana, tikkhatā):I
994:buḷa[phuḷa (Smith)]:saṃvaraṇe:restraining; protecting:I
995:belu:gatiyaṃ:going:I
996:byatha:dukkha-bhaya-calanesu:suffering, fearing and trembling:I
997:byadha:tāḷane:beating; striking:III
998:byaya:khaye:exhaustion; destruction:VIII
999:byaya:cittasamussagge[vittasamussagge = squandering one’s wealth (Smith)]:relinquishing one’s mind:VIII
1000:byā:ummīsane[ummisane (Smith)]:opening the eyes:I
1001:byāca:byājikaraṇe[vyājīkaraṇe (Smith)]:deceiving (byājikriyā):I
1002:byusa[vyasa (Smith). See Monier 1010.]:ussagge:rejecting; emiting:VIII
1003:bye:saṃvaraṇe:restraining; protecting:I
1004:bye:pavattiyaṃ:existing; happening:I
1005:braha:uggame:rising; going up:I
1006:brū:viyattiyaṃ vācāyaṃ:articulate speech:I
1007:brūha:vaḍḍhane:growing; increasing:I
1008:bhaṃsu:avasaṃsane:hanging down; falling down:I
1009:bhakkha:adane:eating:VIII
1010:bhaja:sevāyaṃ:associating; serving:I
1011:bhaja:pāke:cooking:I
1012:bhaja:vissāse:confiding; trusting:VIII
1013:bhaji:bhajjane:heating; frying; roasting (tāpakaraṇa):I
1014:bhaji:bhāsāyaṃ:speaking:VIII
1015:bhaṭa:bhattiyaṃ:devoting; serving:I
1016:bhaṭa:paribhāsane:abusing; blaming; censuring:I
1017:bhaḍi:paribhāsane:abusing; blaming; censuring:I
1018:bhaḍi:kalyāṇe:goodness (kalyāṇatā):VIII
1019:bhaṇa:sadde:making sound:I
1020:bhaṇa:bhaṇane:telling; expounding:I
1021:bhadi:kallāṇe sokhiye ca:goodness (kalyāṇa) and happiness (sukhino bhāvo):I
1022:bhabba:hiṃsāyaṃ:hurting:I
1023:bhara:posane:nourishing:I
1024:bhala:paribhāsana-hiṃsādānesu:abusing; blaming; censuring; hurting and taking; seizing:I
1025:bhalla:paribhāsana-hiṃsādānesu:abusing; blaming; censuring; hurting and taking; seizing:I
1026:bhasa:gahaṇe:taking:VIII
1027:bhassa:bhassane:talking; conversing (kathana):I
1028:bhassa:bhassana-dittīsu:speaking (vacana) and shining; to be beautiful (sobhā):I
1029:bhassa:bhassane:talking; conversing:III
1030:bhā:dittiyaṃ:shining:I
1031:bhāja:dittiyaṃ:shining:I
1032:bhāja:puthakammani:separating (puthakkaraṇa, visuṃkriyā):VIII
1033:bhāja[bhaja (Smith)]:bhājana-dānesu:dividing; distributing and giving:VIII
1034:bhāma:kodhe:to be angry:I
1035:bhāma:kodhe:to be angry:VIII
1036:bhāsa:byattāyaṃ vācāyaṃ:articulate speech:I
1037:bhāsu:dittiyaṃ:shining (virājanatā) and manifesting (pākaṭatā):I
1038:bhikkha:yācane:begging:I
1039:bhidi:bhijjane:breaking itself:III
1040:bhidhi:vidāraṇe:splitting; rending:II
1041:bhisi:bhaye:fearing:I
1042:bhī:bhaye:fearing:I
1043:bhuja:koṭille:crookedness:I
1044:bhuja:pālan’-abyavaharaṇesu:protecting (rakkhaṇa) and swallowing (ajjhoharaṇa):II
1045:bhuḍi:bharaṇe:supporting; bearing:I
1046:bhū:sattāyaṃ:being; existing:I
1047:bhū:pattiyaṃ:reaching; attaining (pāpana):VIII
1048:bhū:avakampane:shaking:VIII
1049:bhūṇa:bhāsāyaṃ:speaking:VIII
1050:bhūsa:alaṅkāre:decorating; ornamenting:I
1051:bhūsa:alaṅkāre:decorating; ornamenting:VIII
1052:bheja:dittiyaṃ:shining:I
1053:bhesu:calane:trembling:I
1054:maki:maṇḍane:adorning; decorating (bhūsana):I
1055:makkha:makkhane:smearing; anointing:VIII
1056:makkha:saṅkhate:making:I
1057:makha:gatyatthe:going:I
1058:makhi:kaṅkhāyaṃ:doubting:I
1059:maga:anvesane:seeking; searching:VIII
1060:magi:gamane :going:I
1061:magga:gavesane:seeking; searching:VIII
1062:maghi:ketave gatyakkhepe ca:cheating; deceiving and jumping up:I
1063:maca:kakkane:rubbing the body; massaging (sarīre ubbaṭṭanaṃ):I
1064:maci:dhāraṇ’-ucchāya-pūjanesu:holding; bearing; removing impurities (malaharaṇa) and venerating; honoring:I
1065:majja:saṃsuddhiyaṃ:purity:I
1066:majja:soceyyālaṅkāresu:purity and decorating; ornamenting:VIII
1067:mañcu:gatiyaṃ:going:I
1068:maṭha:nivāse:living:I
1069:maṭha:soke:grieving; sorrowing:I
1070:maḍi:veṭhane:wrapping; enveloping:I
1071:maḍi:majjane:rubbing:I
1072:maḍi:bhūsāyaṃ hasane ca:ornamenting; decorating and laughing:VIII
1073:maṇa:sadde:making sound:I
1074:maṇa:cāge:giving up; abandoning:I
1075:mattha:viloḷane:stirring:I
1076:matha:vilothane:hurting:I
1077:mada:ummāde:delusion (muyhana); absence of mindfulness; forgetfulness (sativippavāsa); madness (cittavikkhepa):III
1078:mada:vittiyoge:happiness:VIII
1079:madi:thuti-moda-mada-supana-gatīsu:praising; rejoicing; intoxicating, pride; sleeping and going:I
1080:madda:maddane:crushing:I
1081:madhu:unde:wetting; moistening:I
1082:mana:abbhāse:repetition; practice; excesive desire:I
1083:mana:ñāṇe:knowing:III
1084:mana:thambhe:rigidity of mind (cittassa thaddhatā):VIII
1085:manu:bodhane:knowing:VII
1086:manta:guttabhāsane:protected speaking; confidential speaking:VIII
1087:mantha:viloḷane:stirring:I
1088:mabba:gatiyaṃ:going:I
1089:mabbha:gatiyaṃ:going:I
1090:maya:gatiyaṃ:going:I
1091:mara:pāṇacāge:abandonment of life; dying:I
1092:marisa:titikkhāyaṃ:enduring; forgiving:VIII
1093:marisu:secane sahane ca:sprinkling and enduring:I
1094:mala:dhāraṇe:holding; bearing:I
1095:malla:dhāraṇe:holding; bearing:I
1096:masa:hiṃsatthe:hurting:I
1097:masa:sadde rose ca:making sound and anger:I
1098:masa:āmasane:touching; rubbing:I
1099:masa:appībhāve khamāyañ ca:smallness; littleness and tolerance; patience:III
1100:masa[dhasa (Smith)]:pahāsane:laughing:VIII
1101:maha:pūjāyaṃ:venerating; honoring:I
1102:maha:vuddhiyaṃ:increasing; growing:I
1103:maha:pūjāyaṃ:venerating; honoring:VIII
1104:mā:māne sadde ca:honoring; liking and making sound:I
1105:mā:parimāṇe:measuring:V
1106:mā:parimāṇe:measuring:VII
1107:māna:vīmaṃsāyaṃ:investigating:I
1108:māna:pūjāyaṃ pemane vīmaṃsāyaṃ:venerating; honoring; loving and investigating:VIII
1109:māpa:māpane:building; constructing:VIII
1110:māhu[māhū (Smith)]:māne:honoring; liking:I
1111:mi:pakkhepane:putting into; throwing into:IV
1112:miṇa:hiṃsāyaṃ:hurting:I
1113:mida:snehe:sticking (vasāsaṅkhāto sneho); liking (pītisneho):I
1114:mida:medhā-hiṃsāsu:wisdom and hurting:I
1115:mida:sinehane:sticking:III
1116:mida:sinehane:joy (pīti):VIII
1117:mima[mīma (Smith)]:gatimhi:going:I
1118:mila:sinehane:sticking:I
1119:mile:gattavināme:bending the body or limbs:I
1120:milecha:aviyattāyaṃ vācāyaṃ:inarticulate speech:I
1121:milecha:abyattāyaṃ vācāyaṃ:inarticulate speech:VIII
1122:mileṭu:ummāde:madness:I
1123:milevu:secane:sprinkling; pouring:I
1124:miva[mīva (Smith)]:thūliye:thickness; bigness:I
1125:misa:sadde rose ca:making sound and anger:I
1126:misa:sajjane:clinging; attachment; making; preparing:VIII
1127:misu:secane:sprinkling; pouring:I
1128:missa:sammisse:mixing:VIII
1129:miha:secane:sprinkling; pouring:I
1130:mī:hiṃsāyaṃ:hurting:V
1131:mīla:nimelane:closing the eyes:I
1132:mīla:nimīlane:winking; blinking:VIII
1133:muca:mocane:setting free; releasing:II
1134:muca:mokkhe:to get released; to get freed:III
1135:muci:kakkane:rubbing the body (sarīre ubbaṭṭanaṃ):I
1136:muccha:moha-mucchāsu:delusion and fainting:I
1137:muji:saddatthe:making sound:I
1138:mujja:osīdane:sinking:I
1139:muṭa:pamaddane:crushing; overcoming:I
1140:muṭa:aggisadda-pakkhepa-maddanesu:sound of fire; putting in, throwing in and crushing:I
1141:muṭa:sañcuṇṇane:grinding; crushing:VIII
1142:muḍi:kaṇḍane (khaṇḍane):cutting:I
1143:muṇa:paṭiññāṇe:promising; acknowledging; admitting:I
1144:mutta:pasavane:flowing; passing urine:VIII
1145:muttha:saṅghāte:accumulating; collecting:VIII
1146:muda:hāse[hasse (Smith)]:laughing (hasana); liking; satisfaction (tuṭṭhi):I
1147:muda:saṃsagge:uniting (ekatoka-raṇa):VIII
1148:muna:gatiyaṃ:going:I
1149:muna:ñāṇe:knowing:V
1150:mubbi[mubbī (Smith)]:bandhane:binding:I
1151:mura:saṃveṭhane:surrounding; wrapping; enveloping:I
1152:musa:theyye:stealing (thenana, corikā):I
1153:musa:theyye:stealing:V
1154:muha:vecitte:mental confusion:III
1155:muḷa:sukhane:happiness:I
1156:mū:bandhane:binding:I
1157:mū:bandhane:binding:V
1158:mūla:patiṭṭhāyaṃ:supporting; footing:I
1159:mūla:rohane:rising; growing:VIII
1160:mūla:lavana-pavanesu:cutting (chedana) and cleansing; cleaning (sodhana):VIII
1161:me:paṭidāna-ādānesu:restitution, restoration and taking; seizing:I
1162:meṭu:ummāde:madness:I
1163:meda:medhā-hiṃsāsu:wisdom and hurting:I
1164:medha:hiṃsāyaṃ saṅgame ca:hurting and meeting; associating:I
1165:mevu:secane:sprinkling; pouring:I
1166:mokkha:muccane:being freed:I
1167:mokkha:āsane[asane (Smith)]:sitting:VIII
1168:mhi:īsaṃhasane:laughing a little; smiling:I
1169:yakkha:pūjāyaṃ:venerating; honoring:VIII
1170:yaja:devapūja-saṅgatakaraṇa-dāna-dhammesu:venerating; honoring the Buddha, etc. (Buddhādipūjā); connecting (samodhānakaraṇa); renunciating (pariccāga) and spiritual practices (jhānasīlādi):I
1171:yata:patiyatane:making effort (vāyāmakaraṇa):I
1172:yata:nikāropakāresu:striking and helping; supporting:VIII
1173:yanta:saṅkocane:contracting; shrinking:VIII
1174:yapa:yāpane:continued existence (pavattana):VIII
1175:yabha:methune:coupling; sexual intercourse (mithunassa jana-dvayassa idaṃ kammaṃ):I
1176:yama:parivesane:attending; feeding:I
1177:yama:aparivesane:avoiding; not moving around:VIII
1178:yamu:uparame:restraining; abstaining (viramana):I
1179:yasu:payatane:striving:III
1180:yā:gati-pāpuṇesu:going and reaching:I
1181:yā:gati-pāpuṇesu:going and reaching:III
1182:yāca:yācanāyaṃ:begging:I
1183:yu:missane gatiyaṃ ca:mixing and going:I
1184:yu:jigucchāyaṃ:disliking; loathing:VIII
1185:yugi:vajjane:avoiding:I
1186:yucha:pamāde:neglecting:I
1187:yuja:yoge:connecting:II
1188:yuja:samādhimhi:putting together; concentration (samādhāna):III
1189:yuja:saṃyamane:restraining; abstaining:VIII
1190:yuṭa:saṃsagge:uniting:VIII
1191:yuta:bhāsane:saying; speaking (udīraṇa):I
1192:yudha:sampahāre:striking; fighting:I
1193:yudha:sampahāre:striking; fighting:III
1194:yūsa:hiṃsatthe:hurting:I
1195:yesu:payatane:striving:I
1196:yoṭu:sambandhe:connecting:I
1197:rakkha:pālane:protecting:I
1198:rakha:gatyatthe:going:I
1199:rakhi:gatyatthe:going:I
1200:ragi:gamane :going:I
1201:ragi[raṅga (Smith)]:saṅkāyaṃ:doubting:I
1202:raghi:gatyakkhepe:jumping up; going up (gatiyā akkhepo):I
1203:raca:patiyatane:striving:VIII
1204:raji:vijjhane:piercing:I
1205:raṭha:paribhāsane:abusing; blaming; censuring:I
1206:raṇa:sadde:making sound:I
1207:raṇa:gatiyaṃ:going:I
1208:rada:vilekhane:scratching:I
1209:radha:hiṃsāyāṃ:hurting:III
1210:ranja:rāge:coloring; dyeing; liking:I
1211:ranja:rāge:coloring; dyeing; liking:III
1212:randha:pāke:cooking:VIII
1213:rabha:rābhasse:acting in excess (karaṇ’-uttariyā):I
1214:raya:gatiyaṃ:going:I
1215:ramu:kīḷāyaṃ:playing; sporting:I
1216:rasa:sadde:making sound:I
1217:rasa:assādane:tasting:I
1218:rasa:assāda-sinehesu:tasting and sticking:I
1219:rasa:hāniyaṃ:decrease; loss:I
1220:rasa:assādane:tasting; enjoying:VIII
1221:rasa:sinehane:sticking:VIII
1222:raha:cāge:giving up; abandoning:I
1223:raha:cāge:giving up; abandoning:VIII
1224:rahada:abyattasadde:inarticulate sound:I
1225:rahi:gatiyaṃ:going:I
1226:rā:ādāne:taking; seizing:I
1227:rākha:sosanālamatthesu:making dry and to be able; to suffice; to adorn; to prevent:I
1228:rāgha:sāmatthiye:ability:I
1229:rāja:dittiyaṃ:shining:I
1230:rādha:saṃsiddhiyaṃ:succeeding; accomplishing:III
1231:rādha:saṃsiddhiyaṃ:succeeding; accomplishing:IV
1232:rāsu:sadde:making sound:I
1233:ri:santāne:expanding; continuing:I
1234:ri:vasane:living:III
1235:ri[rī (Smith)]:gati-desanesu:going and preaching:V
1236:rikhi[rikhi sarpaṇe (Kappadduma)]:gatyatthe:going:I
1237:rigi:gamane :going:I
1238:rica:virecane:purging:II
1239:rica:viyojana-sampajjanesu[viyojana-sampaccanesu (Smith)]:separating and succeeding:VIII
1240:risa:hiṃsāyaṃ:hurting:I
1241:risa:gatiyaṃ:going:I
1242:ru:gatiyaṃ rosane ca:going and anger:I
1243:ru:sadde:making sound:I
1244:ru:upatāpe:vexation; tormenting:IV
1245:rukkha:varaṇe:restraining (saṃvaraṇa):I
1246:rukkha:phārusse:roughness; harshness (pharusabhāva):VIII
1247:ruca:dittiyaṃ rocane ca:shining; splendor, beauty (sobhā) and liking (ruci):I
1248:ruca:rocane:liking (ruci):III
1249:ruja:bhaṅge:breaking up; dissolution:I
1250:ruja:hiṃsāyaṃ:hurting:VIII
1251:ruṭa:paṭighāte:striking:I
1252:ruṭi:theyye:stealing:I
1253:ruṭha:upaghāte:hurting; injuring:I
1254:ruṭhi:gatiyaṃ:going:I
1255:ruda:assuvimocane:releasing tears, crying:I
1256:rudhi:āvaraṇe:shutting, closing (pidahana); preventing; obstructing (parirundhana); hindering (palibuddhana); not to allow to take away (harituṃ appadānaṃ):II
1257:rudhi:āvaraṇe:see above:III
1258:rubhi:nivāraṇe:preventing; warding off:I
1259:rusa:hiṃsāyaṃ:hurting:I
1260:rusa:rosane:making angry (kopakaraṇa):VIII
1261:ruha:cammani pātubhāve:manifestation of the skin:I
1262:rūpa:ruppane:changing (kuppana); striking (ghaṭṭana); oppressing (pīḷana):III
1263:rūpa:rūpakriyāyaṃ:making manifest (pakāsanakriyā):VIII
1264:re:sadde:making sound:I
1265:reka:saṅkāyaṃ:doubting:I
1266:rosa:bhaye:fearing:I
1267:roḷa:anādare:disrespect:I
1268:laka:assādane:tasting; enjoying:VIII
1269:lakkha:dassan’-aṅkesu:seeing (passana) and marking (lañjana):VIII
1270:lakkha:ālocane:seeing; perceiving:VIII
1271:lakha:gatyatthe:going:I
1272:lakhi:gatyatthe:going:I
1273:laga:saṅge saṅkāyaṃ:attachment; clinging and doubting:I
1274:lagi:gamane:going:I
1275:laghi:gatyakkhepe:jumping up; going up (gatiyā akkhepo):I
1276:laghi:bhāsane:saying; speaking:VIII
1277:laṅgha:gatyatthe:going:I
1278:laṅgha:laṅghane:jumping; hopping:VIII
1279:laja:bhassane:talking; conversing:I
1280:laja:pakāsane:showing:VIII
1281:laji:dittiyañ bhassane ca:shining and talking; conversing:I
1282:lajja:lajjane:becoming shameful; being ashamed:I
1283:laṭa:bālye paribhāsane ca:childhood and abusing; blaming; censuring:I
1284:laḍi:jivhāmathane:moving the tongue:I
1285:laḍi:ukkhepe:throwing upwards:VIII
1286:lapa:viyattiyaṃ vācāyaṃ:articulate speech:VIII
1287:labi:avasaṃsane:hanging down (avalambana):I
1288:labha:lābhe:gaining; acquiring:I
1289:labha:ābhaṇḍane:defining; determining:VIII
1290:lala:icchāyaṃ:wishing; desiring:VIII
1291:lasa:silesana-kīḷanesu:adhering and playing; sporting:I
1292:lasa:kantiyaṃ:wishing; desiring:I
1293:lasa:silyayoge[Corrupt reading for ‘sippayoge’ = engaging in arts]:dancing (lāsiya); playing a drama (nāṭakanāṭana):VIII
1294:laḷa:vilāse:charm; grace; dallying:I
1295:laḷa:upasevāyaṃ:serving:VIII
1296:lā:ādāne:taking; seizing:I
1297:lākha:sosanālamatthesu:making dry and to be able; to suffice; to adorn; to prevent:I
1298:lāgha:sāmatthiye:ability:I
1299:lāja:bhassane:talking; conversing:I
1300:lābha:pesane:sending:VIII
1301:likha:lekhane:writing:I
1302:ligi:gamane:going:I
1303:liṅga:cittīkaraṇe:making variegated (vicitrabhāvakaraṇa):VIII
1304:lipa:limpane:smearing; staining:II
1305:lipi:upalepe:smearing; staining:I
1306:liha:assādane:tasting:I
1307:lī:silese:adhering; sticking:V
1308:līsa[lisa (Smith)]:appībhāve:smallness; littleness:III
1309:luja:vināse:destruction; ruin; loss:III
1310:luji:bhāsāyaṃ:speaking:VIII
1311:luñca:apanayane:removing:I
1312:luṭa:viloṭhane[viloṭane (Smith)]:hurting:I
1313:luṭa:paṭighāte:striking:I
1314:luṭa:bhāsāyaṃ:speaking:VIII
1315:luṭi:theyye:stealing:I
1316:luṭi:theyye:stealing:VIII
1317:luṭha:upaghāte:hurting; injuring:I
1318:luṭha:paṭighāte:striking:I
1319:luṭha:saṃkilese:defiling; inflicting:I
1320:luṭhi:ālasiye gatipaṭighāte ca:laziness and obstructing the going (the action):I
1321:luṭhi:gatiyaṃ:going:I
1322:luthi:hiṃsā-saṃkilesesu:hurting and defiling; inflicting:I
1323:lupa:acchedane:cutting:II
1324:lupa:adassane:not seeing; disappearance:III
1325:lubi:addane:wetness; moistness:I
1326:lubi:addane:inflicting; tormenting; hurting (hiṃsā):VIII
1327:lubha:vimohane:delusion:I
1328:lubha:giddhiyaṃ:greed; attachment:III
1329:lū:chedane:cutting:V
1330:lūsa:hiṃsāyaṃ:hurting:VIII
1331:loka:dassane:seeing:I
1332:loka:dassane:seeing:VIII
1333:loka:bhāsāyaṃ:speaking:VIII
1334:loca:dassane:seeing:I
1335:loca:dassane:seeing:VIII
1336:loca:bhāsāyaṃ:speaking:VIII
1337:loḷa:ummāde:madness:I
1338:vaka:ādāne:taking; seizing:I
1339:vaka:dittiyaṃ paṭighāte ca:shining and striking:I
1340:vaki:gatyatthe:going:I
1341:vakka:bhāsane:saying; speaking:VIII
1342:vakka[dhakka (Smith)]:nāsane:destroying:VIII
1343:vakkha:varaṇe:restraining (saṃvaraṇa):I
1344:vakhi:kaṅkhāyaṃ:doubting:I
1345:vagi:gamane :going:I
1346:vagga:gatiyaṃ:going:I
1347:vaṅka:koṭille:crookedness:I
1348:vaca:viyattiyaṃ vācāyaṃ:articulate speech:I
1349:vaca:dittiyaṃ:shining:I
1350:vaca:bhāsane:speaking; saying:VIII
1351:vaci:dittiyaṃ:shining:I
1352:vacchu:chedane:cutting:I
1353:vachi:icchāyaṃ:wishing; desiring; longing:I
1354:vaja[vaju (Smith)]:gatiyaṃ:going:I
1355:vaja:maggana-saṅkhāresu:searching and forming; making:VIII
1356:vajja:vajjane:avoiding:VIII
1357:vañcu:gatiyaṃ:going:I
1358:vañcu:palambhane:deceiving; cheating (upalāpana):VIII
1359:vaṭa:vedhane[veṭhane (Smith)]:piercing:I
1360:vaṭa:ganthe:tying; making a knot:VIII
1361:vaṭa:vibhajane:dividing; separating:VIII
1362:vaṭi:vibhājane:dividing:I
1363:vaṭha:thūliye:thickness; bigness:I
1364:vaṭhi:ekacariyāyaṃ:faring alone:I
1365:vaḍi:veṭhane:wrapping; enveloping:I
1366:vaḍḍha:vaḍḍhane:growing; increasing:I
1367:vaḍḍha:ākiraṇe:scattering; pouring:VIII
1368:vaṇa:sadde:making sound:I
1369:vaṇa:gattavicuṇṇane:injuring the body:VIII
1370:vaṇṇa:vaṇṇa-kriyā-vitthāra-guṇa-vacanesu:praising (pasaṃsā), doing (karaṇa), extending (vitthinnatā), quality of morality, etc. (sīlādidhamma) and speaking (vācā):VIII
1371:vata:yācane:begging:I
1372:vatu:vattane:being; existing:I
1373:vatu:bhāsāyaṃ:speaking:VIII
1374:vattha:addane:inflicting; tormenting:VIII
1375:vada:viyattiyaṃ vācāyaṃ:articulate speech:I
1376:vada:bhāsāyaṃ:speaking:VIII
1377:vadī:abhivādana-thutīsu:saluting and praising:VIII
1378:vaddha:vaddhane:growing; increasing:I
1379:vaddha:chedana-pūraṇesu:cutting and fillling:VIII
1380:vaddha:bhāsāyaṃ:speaking:VIII
1381:vadha:saṃyame:restraining:VIII
1382:vana:sambhattiyaṃ:serving:I
1383:vanda:abhivādana-thutīsu:saluting, bowing down and praising:I
1384:vapa:santāne:expanding; continuing:I
1385:vapa:bījanikkhepe:sowing:I
1386:vappha:gatiyaṃ:going:I
1387:vabba:gatiyaṃ:going:I
1388:vabbha:gatiyaṃ:going:I
1389:vabbha:bhojane:eating:I
1390:vamu:uggiraṇe:vomiting; ejecting:I
1391:vambha:viddhaṃsane:demolishing; destroying:VIII
1392:vaya:gatiyaṃ:going:I
1393:vara:varaṇe:restraining:I
1394:vara:icchāyaṃ:wishing; desiring:VIII
1395:vara:āvaraṇe:covering:VIII
1396:varaha:padhāniye paribhāsana-hiṃsādānesu ca:striving; abusing; blaming; hurting and taking; seizing:I
1397:varaha:hiṃsāyaṃ:hurting:VIII
1398:vala:calane saṃvaraṇe ca:trembling and restraining; protecting:I
1399:vala:vilāsane[vilasane (Smith)]:to be graceful:I
1400:vala:bharaṇe:bearing; supporting:VIII
1401:valaha:padhāniye paribhāsana-hiṃsādānesu ca:striving; abusing; blaming; hurting and taking; seizing:I
1402:valla:calane saṃvaraṇe ca:trembling and restraining; protecting:I
1403:vasa:hiṃsatthe:hurting:I
1404:vasa:sinehane:sticking:I
1405:vasa:nivāse:living:I
1406:vasa:kantiyaṃ:wishing; desiring:I
1407:vasa:sadde:making sound:III
1408:vasa:sinehana-chedā-‘vaharaṇesu:sticking, cutting and stealing (corikāya gahaṇaṃ):VIII
1409:vasa:acchādane:clothing; covering:VIII
1410:vassa:secane:sprinkling; pouring:I
1411:vassu:sattibandhane:enabling (samatthatākaraṇa):VIII
1412:vaha:vuddhiyaṃ:increasing; growing:I
1413:vaha:pāpuṇe:reaching:I
1414:vaḷaji:paribhoge:enjoying:I
1415:vā:gati-gandhanesu:going and spreading of odor:I
1416:vā:gati-gandhanesu:going and spreading of odor:III
1417:vāta:gati-sukha-sevanesu:going, happiness (sukhana) and associating; serving:VIII
1418:vāyama:īhāyaṃ:exerting; striving:I
1419:vāsa:upasevāyaṃ:serving:VIII
1420:vāsi:alaṅkāre:decorating; ornamenting:I
1421:vāhu:payatane:striving:I
1422:vāḷa:ālape:conversing; speaking:I
1423:viccha:gatiyaṃ:going:I
1424:viccha:bhāsāyaṃ:speaking:VIII
1425:vijī:bhaya-calanesu:fearing and trembling; moving:I
1426:vijī:bhaya-calanesu:fearing and trembling; moving:III
1427:viṭa:sadde:making sound:I
1428:vithu:yācane:begging:I
1429:vida:ñāṇe:knowing (jānana):I
1430:vida:lābhe:gaining; acquiring:II
1431:vida:tuṭṭhiyaṃ:liking; satisfaction:II
1432:vida:sattāyaṃ:being; existing (vijjamānākāra):III
1433:vida:lābhe:gaining; acquiring:VIII
1434:vida:cehan’[cetanā (Smith)]-ākhyāna-nivāsesu:marking (saññāṇa), talking (kathana) and living (nivasana):VIII
1435:vidi:avayave:limb; part; constituent:I
1436:vidi:lābhe:gaining; acquiring:I
1437:vidha:vijjhane:piercing:III
1438:vibha[vībha (Smith)]:katthane:boasting:I
1439:vi-bhuja:chedane?:cutting:I
1440:viriḷa[virīḷa (Smith)]:lajjāyaṃ codane ca:shame and inciting; rousing:III
1441:vilī:vilīnabhāve:dissolution:III
1442:visa:pavesane:entering:I
1443:visa:vippayoge:separation:V
1444:vi-sisa:atisaye:abundance; excess:VIII
1445:visu:secane:sprinkling; pouring:I
1446:vī:pajana-kanti-asana-khādana-gatīsu:trembling (calana); liking (abhiruci); eating (bhattaparibhoga); chewing (pūvādibhakkhana) and going (gamana):I
1447:vī:tantasantāne:weaving; sewing:V
1448:vī:hiṃsāyaṃ:hurting:V
1449:vīra:vikkantiyaṃ:exerting; striving (vikkamana):VIII
1450:vu:saṃvaraṇe:restraining; protecting:IV
1451:vula:nimmajjane:squeezing; rubbing:VIII
1452:vusa:pāgabbiye[pāgabbhiye (Smith)]:boldness; impudence (kāya-vācā-manehi pagabbabhāvo):IV
1453:ve:tantasantāne:weaving; sewing:I
1454:ve:sosane:making dry:I
1455:vekkha:vekkhane:observing; looking; investigating:I
1456:veṭha:veṭhane:wrapping; enveloping:I
1457:veṇu:ñāṇa-cintā-nisāmanesu:knowing; thinking and listening, observing:I
1458:vela:kālopadese:indicating the time:VIII
1459:velu:gatiyaṃ:going:I
1460:vesu:dāne:giving:I
1461:vehu:payatane:striving:I
1462:vhe:avhāyane baddhāyaṃ[phaddhāyaṃ (Smith)] sadde ca:calling (pakkosana); selfishness, pride (ahaṃkāra); challenging (ghaṭṭana, sāram-bhakaraṇa) and making sound (rava):I
1463:saṃ-kase:acchane:sitting (nisīdana):I
1464:saṃ-dhā[sandhā (Smith)]:sandhimhi:connecting; uniting:III
1465:saṃ-yuja:bandhane:binding:VIII
1466:saṃ-sa:hiṃsāyaṃ thutiyaṃ ca:hurting and praising:I
1467:saṃ-sa:kathane:talking:I
1468:saka:sāmatthiye:ability (samatthabhāva):IV
1469:saka:sattiyaṃ:ability (samattha-bhāva):VII
1470:saki:saṅkāyaṃ:doubting:I
1471:sakka:gatyatthe:going:I
1472:sakka:gatyatthe:going:I
1473:sakka:bhāsane:saying; speaking:VIII
1474:sagi:gamane :going:I
1475:sagha:hiṃsāyaṃ:hurting:IV
1476:saṅ-gāma:yuddhe:fighting:VIII
1477:saca:viyattiyaṃ vācāyaṃ:articulate speech:I
1478:saja:vissagga-parissajjan’-abbhukkiraṇesu:relinquishing, abandoning; embracing and sprinkling:I
1479:saja:saṅge:attachment; clinging (lagana):III
1480:sajja:gatiyaṃ:going:I
1481:sajja:ajjane:procuring; acquiring:I
1482:sajja:sajjane:preparing; making ready:VIII
1483:sañja:parissage:embracing (āliṅgana):I
1484:saṭa[raṭa (Smith)]:paribhāsane:abusing; blaming; censuring:I
1485:saṭa:rujā-visaraṇa-gatyāvasānesu[°gatyavasāraṇesu (Smith)]:paining, afflicting, oppressing (pīḷā); spreading; pervading (vippharaṇa) and end of going; standing (gatiyā avasānaṃ osānaṃ abhāva-karaṇaṃ):I
1486:saṭa:avayave:limb; part; constituent:I
1487:saṭṭa:hiṃsā-bala-dāna-niketanesu:hurting; force, strength; giving and living:VIII
1488:saṭha:hiṃsā-saṃkilesesu ketave ca:hurting; defiling; inflicting and cheating; deceiving:I
1489:saṭha:saṅkhāra-gatīsu:forming; making and going:VIII
1490:saṭha:silāghāyaṃ:praising:VIII
1491:saṭha:asammābhāsane:improperly speaking:VIII
1492:saṭha:ketave:cheating; deceiving:VIII
1493:saḍi:rujāyaṃ:paining; afflicting:I
1494:saṇa:dāne:giving:I
1495:saṇa:abyattasadde:inarticulate sound:I
1496:saṇa:dāne:giving:VIII
1497:satta:gatiyaṃ:going:VIII
1498:satta:santānakriyāyaṃ:doing uninterruptedly (pabandha-kriyā, avicchedakaraṇa):VIII
1499:satha:seṭhille:looseness; weakness:I
1500:satha:dubbalye:weakness:VIII
1501:satha:bandhane:binding:VIII
1502:sada:sādane:enjoying:I
1503:sada:assādane:tasting; enjoying:VIII
1504:sadda:saddane:making a noise:VIII
1505:sadda:kucchite sadde:making an disgusting sound (flatulence):I
1506:sadhu:saddakucchiyaṃ:belly sound; flatulence:I
1507:sadhu:unde:wetting; moistening:I
1508:sadhu:pahaṃsane[pahasane (Smith)]:laughing:VIII
1509:sana:sambhattiyaṃ:serving:I
1510:sanja[sañja (Smith)]:saṅge:attachment; clinging (lagana):I
1511:santa:āmappayoge[Corrupt reading for ‘sāmappayoga’ = compromising; use of kind and friendly words]:striving; endeavoring (ussannakriyā):VIII
1512:santha:santhambhe:supporting:VIII
1513:sanda:pasavane:flowing (sandana, avicchedappavatti):I
1514:sapa:samavāye:combination; coming together:I
1515:sapa:akkose:insulting; abusing:I
1516:sappa:gatiyaṃ:going:I
1517:sabi:maṇḍale:roundness (parimaṇḍalatā):VIII
1518:sabba:gatiyaṃ:going:I
1519:sabba:gatiyaṃ hiṃsāyañ ca:going and hurting:I
1520:sabba:pūraṇe:filling:I
1521:sabbha:kathane:talking:I
1522:sabhāja:sīti-sevanesu:coolness and associating; serving:VIII
1523:sabhu:hiṃsāyaṃ:hurting:I
1524:sama:adassane:not seeing; disappearance:I
1525:sama:sadde:making sound:I
1526:sama:velambe:hanging down:I
1527:sama:vitakke:thinking:VIII
1528:sama:ālocane:seeing (pekkhana):VIII
1529:samu:upasame:peace; calmness:III
1530:samu:khede nirodhe ca:fatigue (kilamana) and cessation; non-existence (abhāvagamana):III
1531:samba:sambandhe:connecting; binding tight (daḷhabandhana):VIII
1532:sambha:vissāse:confidence; trusting:I
1533:sambhu:hiṃsāyaṃ:hurting:I
1534:sambhu:pāpuṇe:reaching:IV
1535:sara:gatiyaṃ:going:I
1536:sara:saddopatāpesu:making sound and tormenting:I
1537:sara:cintāyaṃ:thinking; reflecting:I
1538:sara:akkhepe:throwing:VIII
1539:sala:gatiyaṃ:going:I
1540:sala:āsugatiyaṃ:going quickly (sīghagamana):I
1541:sala:calane saṃvaraṇe ca:trembling and restraining; protecting:I
1542:sala:gamane:going:I
1543:sala:kampane:trembling:I
1544:salla:āsugatiyaṃ[āsuṃgatiyaṃ (Smith)]:going quickly (sīghagamana):I
1545:sava:gatiyaṃ:going:I
1546:sasa:susane:being dry:I
1547:sasa:pāṇane:breathing:I
1548:sasu:hiṃsāyaṃ:hurting:I
1549:saha:parisahane[marisane (Smith)]:patience (khanti):I
1550:saha:sattiyaṃ:ability:III
1551:saha:parisahane:patience (khanti):VIII
1552:saḷa:abyattasadde:inarticulate sound:I
1553:sā:pāke:cooking:I
1554:sā:tanukaraṇe:making thin; reducing:III
1555:sā:antakammani:making an end:III
1556:sā:assādane:tasting; enjoying:III
1557:sā:pāke:cooking:V
1558:sā:tanukaraṇe:making thin; reducing:VI
1559:sākha:byāpane:pervading:I
1560:sāṭha:balakkāre:violence, application of force; overpowering the weak by one’s own power at will (attano balena yathājjhāsayaṃ dubbalassa abhibhavanaṃ):I
1561:sādha:saṃsiddhiyaṃ:succeeding; accomplishing:III
1562:sādha:saṃsiddhiyaṃ:succeeding; accomplishing:IV
1563:sāna:tejane:sharpening (nisāna):I
1564:sāma:svāntane āmantane:compromising; use of kind and friendly words (sāmappayoga) and calling (avhāyana, pakkosana):VIII
1565:sāra:dubbalye:weakness; feebleness:VIII
1566:sāsa:anusiṭṭhiyaṃ:admonishing; advising:I
1567:si:sevāyaṃ:associating; serving:I
1568:si:gati-buddhīsu:going and knowing:I
1569:si:nisāne:sharpening:IV
1570:si:bandhane:binding:IV
1571:si:bandhane:binding:V
1572:si:sevāyaṃ:associating; serving:VI
1573:sika[sīka (Smith)]:āmasane:touching; rubbing:VIII
1574:sikkha:vijjopādāne:acquiring knowledge; learning:I
1575:sighi:āghāne:smelling (ghānena gandhānubhavanaṃ):I
1576:sica:gharaṇe:sprinkling; dripping:I
1577:sica:paggharaṇe:trickling; oozing; dripping:II
1578:sicca:kuṭṭane:cutting; dividing:VIII
1579:siṭa:anādare:disrespect:I
1580:sita:vaṇṇe:white color (setavaṇṇa):I
1581:sida:mocane:setting free; releasing:I
1582:sidi:sītiye:coolness; calmness (sītibhāva):I
1583:sidhu:gatiyaṃ:going:I
1584:sidhu:satthe maṅgalye ca:instructing, teaching (sāsana) and destroying evil (pāpavināsana), cause of growth (vuddhikāraṇa):I
1585:sidhu:saṃrādhane:accomplishing:III
1586:siniha:pītiyaṃ:joy:III
1587:sineha:sinehane:sticking:VIII
1588:sibha[sībha (Smith)]:katthane:boasting:I
1589:sila:uñche:gleaning:I
1590:silāgha:katthane:praising (pasaṃsana):I
1591:silisa:āliṅgane:embracing:III
1592:silisu:upadāhe:burning:I
1593:silesa:silesane:adhering:VIII
1594:siloka:saṅghāte:accumulating; collecting (piṇḍana):I
1595:siloṇa:saṅghāte:accumulating; collecting:I
1596:sivu:tantasantāne:weaving; sewing:III
1597:sivu:gati-sosanesu:going and making dry:III
1598:sisa:hiṃsatthe:hurting:I
1599:sisa:asabbappayoge:not associating with all:VIII
1600:siḷa:seḷane:whistling:VIII
1601:sī:saye:lying; sleeping:I
1602:sīda:visaraṇa-gatyāvasānesu:pervading; spreading (vippharaṇa) and sitting down (nisīdana):I
1603:sīla:samādhimhi:putting correctly; coordinating:I
1604:sīla:upadhāraṇe:holding firmly (bhuso dhāraṇaṃ); container (patiṭṭhāvasena ādhārabhāvo):VIII
1605:su:gatiyaṃ:going:I
1606:su:savane:flowing (sandana):I
1607:su[sū (Smith)]:peraṇe:grinding; crushing:I
1608:su:savane:hearing:IV
1609:su:abhisave:oppressing (pīḷana); stirring (manthana); uniting (sandhāna); bathing (sinhāna):IV
1610:su:hiṃsāyaṃ:hurting:V
1611:suka:gatiyaṃ:going:I
1612:sukkha:anādare:disrespect:I
1613:sukha:takriyāyaṃ:being ‘that = happiness’ (sukhāya vedanāya kriyā):I
1614:suca:soke:grieving; sorrowing:I
1615:suṭṭa:anādare:disrespect:VIII
1616:suṭha:gatipaṭighāte:obstructing the going (the action):I
1617:suṭha:ālasiye:laziness:VIII
1618:suṭhi:sosane:making dry:I
1619:suṭhi:sosane:making dry:VIII
1620:sutta:avamocane:loosening; releasing:VIII
1621:sutha:hiṃsāyaṃ:hurting:I
1622:sudha:soceyye:purity (sucibhāva):III
1623:suna:sadde:making sound:I
1624:supa:sayane:sleeping:I
1625:suppa:māne:measuring:VIII
1626:subha:dittiyaṃ:shining:I
1627:sumbha:hiṃsāyaṃ bhāsane ca:hurting and saying; talking:I
1628:sumbha:pahāre:striking; hitting:II
1629:sura:issariya-dittīsu:supremacy and shining:I
1630:sulla:sajjane:making:VIII
1631:susa:sosane:making dry:III
1632:suha:sattiyaṃ:ability:III
1633:suḷa[thuḷa (Smith)]:saṃvaraṇe:restraining; protecting:I
1634:sū[su (Smith)]:pasave:producing (janana):I
1635:sū:pāṇagabbhavimocane(su):releasing the child from the womb; giving birth:I
1636:sū:pāṇippasave:giving birth:III
1637:sūca:pesuññe:slandering; backbiting (pisuṇabhāva):VIII
1638:sūca:gandhane:spreading of odor:VIII
1639:sūda:paggharaṇe:trickling; oozing; dripping:I
1640:sūda:āsecane[āsevane (Smith)]:sprinkling:VIII
1641:sūra:vikkantiyaṃ:exerting; striving (vikkamana):VIII
1642:sūla:rujāyaṃ:paining; afflicting:I
1643:se:khaye:exhaustion; destruction:I
1644:se:pāke:cooking:I
1645:se:gatiyaṃ:going:I
1646:seka:gatyatthe:going:I
1647:seca:secane:sprinkling; pouring:I
1648:selu:gatiyaṃ:going:I
1649:sevu:secane:sprinkling; pouring:I
1650:so:antakammani:making an end:VI
1651:soṭu:gabbe:pride; arrogance (dabbana):I
1652:soṇa:vaṇṇa-gatīsu:color and going:I
1653:soṇa:saṅghāte:accumulating; collecting:I
1654:haṭa:dittiyaṃ:shining:I
1655:hada:karīsossagge:releasing excrement:I
1656:hada:karīsussagge:voiding of excrement:VIII
1657:hana:hiṃsā-gatīsu:hurting and going:I
1658:hana:hiṃsāyaṃ:hurting:III
1659:hanu:apanayane:removing:VII
1660:hamma:gatimhi:going:I
1661:haya:gatiyaṃ:going:I
1662:hara:haraṇe:existing; being (pavattana):I
1663:hara:apanayane:removing; carrying away (nīharaṇa):I
1664:hara:ādāne:taking; seizing:I
1665:hariya:gati-gelaññesu:going and sickness; ailing:I
1666:hare:lajjāyaṃ:being ashamed:I
1667:hasa:hasane:laughing:I
1668:hasa:sadde:making sound:I
1669:hasu[hāsu (Smith)]:āliṅge:embracing (upagūhana):I
1670:haḷa:silāghāyaṃ:praising:I
1671:hā:cāge:giving up; abandoning:I
1672:hā:parihāniyaṃ:loss; decrease:III
1673:hi:gati-buddhīsu upatāpe ca:going; knowing and vexation; tormenting:IV
1674:hiṃsa[hisi (Smith)]:hiṃsāyaṃ:hurting:I
1675:hikka:abyattasadde:inarticulate sound; hiccuping (avibhāvi-tatthasadda, niratthakasadda):I
1676:hikka:hiṃsāyaṃ:hurting:VIII
1677:hiḍi:gatiyaṃ:going:I
1678:hila:hāvakaraṇe:flirting; dalliance:I
1679:hilādi[hilādī (Smith)]:sukhe abyattasadde ca:happiness and inarticulate sound:I
1680:hisa[hisu (Smith)]:sadde:making sound:I
1681:hisi:hiṃsāyaṃ:hurting:II
1682:hisi:hiṃsāyaṃ:hurting:VIII
1683:hīḷa:anādare:disrespect:I
1684:hu:dāne:giving:I
1685:hu:pasajjakaraṇe:doing in a certain way (pakārena sajjana-kriyā):I
1686:huccha:koṭille:crookedness:I
1687:huḍi:saṅghāte:accumulating; collecting:I
1688:hura:koṭille:crookedness:I
1689:hula:calane; kampane:trembling:I
1690:huḷa:gatiyaṃ:going:I
1691:hū:sattāyaṃ:being; existing:I
1692:heṭha:vibādhāyaṃ:oppressing; harming:I
1693:hesu:gatiyaṃ:going:I
1694:hesu:abyattasadde:inarticulate sound; howling; neighing:I
1695:heḷa:anādare:disrespect:I
1696:heḷa:veṭhane:wrapping; enveloping:I
1697:hoḷa:gatiyaṃ:going:I
1698:hoḷa:anādare:disrespect:I
