generic;a,m:o;ā|aṃ;e|ena;ehi,ebhi|assa,āya,atthaṃ;ānaṃ|asmā,amhā,ā;ehi,ebhi|assa;ānaṃ|asmiṃ,amhi,e;esu|a,ā;ā|
generic;ā,f:ā;ā,āyo|aṃ;ā,āyo|āya;āhi,ābhi|āya;ānaṃ|āya;āhi,ābhi|āya;ānaṃ|āya,āyaṃ;āsu|e;ā,āyo|
generic;a,n:aṃ;āni,ā|aṃ;āni,e|ena;ehi,ebhi|assa;ānaṃ|asmā,amhā,ā;ehi,ebhi|assa;ānaṃ|asmiṃ,amhi,e;esu|a;ā,āni|
generic;i,m:i;ī,ayo|iṃ;ī,ayo|inā;īhi,ībhi,ihi,ibhi|issa,ino;īnaṃ,inaṃ|ismā,imhā,inā;īhi,ībhi,ihi,ibhi|issa,ino;īnaṃ,inaṃ|ismiṃ,imhi;īsu,isu|i;ī,ayo|
generic;i,f:i;ī,iyo|iṃ;ī,iyo|iyā;īhi,ībhi,ihi,ibhi|iyā;īnaṃ,inaṃ|iyā;īhi,ībhi,ihi,ibhi|iyā;īnaṃ,inaṃ|iyā,iyaṃ;īsu,isu|i;ī,iyo|
generic;i,n:i;īni,ī|iṃ;īni,ī|inā;īhi,ībhi,ihi,ibhi|issa,ino;īnaṃ,inaṃ|ismā,imhā,inā;īhi,ībhi,ihi,ibhi|issa,ino;īnaṃ,inaṃ|ismiṃ,imhi;īsu,isu|i;ī,īni|
generic;ī,m:ī;ī,ino|inaṃ,iṃ;ī,ino|inā;īhi,ībhi|issa,ino;īnaṃ|ismā,imhā,inā;īhi,ībhi|issa,ino;īnaṃ|ismiṃ,imhi,ini;īsu|i;ī,ino|
generic;ī,f:ī;ī,iyo|iyaṃ,iṃ;ī,iyo|iyā;īhi,ībhi|iyā;īnaṃ|iyā;īhi,ībhi|iyā;īnaṃ|iyā,iyaṃ;īsu|i;ī,iyo|
generic;u,m:u;ū,avo|uṃ;ū,avo|unā;ūhi,ūbhi,uhi,ubhi|ussa,uno;ūnaṃ,unaṃ|usmā,umhā,unā;ūhi,ūbhi,uhi,ubhi|ussa,uno;ūnaṃ,unaṃ|usmiṃ,umhi;ūsu,usu|u;ū,avo,ave|
generic;u,f:u;ū,uyo|uṃ;ū,uyo|uyā;ūhi,ūbhi,uhi,ubhi|uyā;ūnaṃ,unaṃ|uyā;ūhi,ūbhi,uhi,ubhi|uyā;ūnaṃ,inaṃ|uyā,uyaṃ;ūsu|u;ū,uyo|
generic;u,n:u;ūni,ū|uṃ;ūni,ū|usā,unā;ūhi,ūbhi,uhi,ubhi|ussa,uno;ūnaṃ,unaṃ|usmā,umhā,unā;ūhi,ūbhi,uhi,ubhi|ussa,uno;ūnaṃ,unaṃ|usmiṃ,umhi;ūsu,usu|u;ūni,ū|
generic;ū,m:ū;ū,uno|uṃ;ū,uno|unā;ūhi,ūbhi|ussa,uno;ūnaṃ|usmā,umhā,unā;ūhi,ūbhi|ussa,uno;ūnaṃ|usmiṃ,umhi;ūsu|u;ū,uno|
generic;ū,f:ū;ū,uyo|uṃ;ū,uyo|uyā;ūhi,ūbhi|uyā;ūnaṃ|uyā;ūhi,ūbhi|uyā;ūnaṃ|uyā,uyaṃ;ūsu|u;ū,uyo|
ntgen;a,m:o;o,ā|aṃ;e|-2tā,ena;ehi,ebhi|-2to,assa;-2taṃ,ānaṃ|-2tā,ā,amhā,asmā;ehi,ebhi|-2to,assa;-2taṃ,ānaṃ|-2ti,e,amhi,asmiṃ;esu|a;o,ā|
ntgen;ī,f:ī;ī,iyo|iyaṃ,iṃ;ī,iyo|iyā;īhi,ībhi|iyā;īnaṃ|iyā;īhi,ībhi|iyā;īnaṃ|iyā;īsu|i;ī,iyo|
ntgen;a,n:aṃ;i,āni|aṃ;i,āni|-2tā,ena;ehi,ebhi|-2to,assa;-2taṃ,ānaṃ|-2tā,ā,amhā,asmā;ehi,ebhi|-2to,assa;-2taṃ,ānaṃ|-2ti,e,amhi,asmiṃ;esu|aṃ,a;i,āni|
mana;a,m:o;ā|aṃ;e|ena,asā;ehi,ebhi|assa,aso;ānaṃ|asmā,amhā,ā;ehi,ebhi|assa,aso;ānaṃ|asmiṃ,amhi,asi,e;esu|a,ā;ā|
antcommon;t,m:,;anto,antā|antaṃ;ante|antena,atā;antehi,antebhi|antassa,ato;antānaṃ,ataṃ|antasmā,antamhā,antā,atā;antehi,antebhi|antassa,ato;antānaṃ,ataṃ|antasmiṃ,antamhi,ante,ati;antesu|a,ā,aṃ;anto,antā|
antcommon;t,f:atī,antī;atī,atiyo,antī,antiyo|atiṃ,atiyaṃ,antiṃ,antiyaṃ;atī,atiyo,antī,antiyo|atiyā,antiyā;atīhi,atībhi,antīhi,antībhi|atiyā,antiyā;atīnaṃ,antīnaṃ|atiyā,antiyā;atīhi,atībhi,antīhi,antībhi|atiyā,antiyā;atīnaṃ,antīnaṃ|atiyā,atiyaṃ,antiyā,antiyaṃ;atīsu,antīsu|ati,anti;atī,atiyo,antī,antiyo|
antcommon;t,n:aṃ;anti,antāni|antaṃ;ante,antāni|antena,atā;antehi,antebhi|antassa,ato;ataṃ,antānaṃ|antasmā,antamhā,antā,atā;antehi,antebhi|antassa,ato;ataṃ,antānaṃ|antasmiṃ,antamhi,ante,ati;antesu|a,ā,aṃ;anti,antāni|
guṇavant;t,m:ā;,|;|;|;|;|;|;|;|
guṇavant;t,f:;|;|;|;|;|;|;|;|
guṇavant;t,n:;|;|;|;|;|;|;|;|
himavant;t,m:anto;,|;|;|;|;|;|;|;|
himavant;t,f:;|;|;|;|;|;|;|;|
himavant;t,n:;|;|;|;|;|;|;|;|
satimant;t,m:anto;,|aṃ;,|;|assa;,|;|assa;,|;|;|
satimant;t,f:;|;|;|;|;|;|;|;|
satimant;t,n:;|;|;|;|;|;|;|;|
candimā;a,m:ā;anto,antā|antaṃ;ante|atā,antena;antehi,antebhi|ato,antassa;ataṃ,antānaṃ|atā,antā,antamhā,antasmā;antehi,antebhi|ato,antassa;ataṃ,antānaṃ|ati,ante,antamhi,antasmiṃ;antesu|aṃ,a,ā;anto,antā|
gacchanta;a,m:-3aṃ,-3anto;-3anto,-3antā|-3antaṃ;-3ante,-3anto|-3antena,-3atā;-3antehi,-3antebhi|-3antassa,-3ato;-3antānaṃ,-3ataṃ|-3antasmā,-3antamhā,-3antā,-3atā;-3antehi,-3antebhi|-3antassa,-3ato;-3antānaṃ,-3ataṃ|-3antasmiṃ,-3antamhi,-3ante,-3ati;-3antesu|-3aṃ,-3a,-3ā;-3anto,-3antā|
gacchanta;a,n:-3aṃ,-3antaṃ;-3antā,-3antāni|-3antaṃ;-3ante,-3antāni|-3antena,-3atā;-3antehi,-3antebhi|-3antassa,-3ato;-3antānaṃ,-3ataṃ|-3antasmā,-3antamhā,-3antā,-3atā;-3antehi,-3antebhi|-3antassa,-3ato;-3antānaṃ,-3ataṃ|-3antasmiṃ,-3antamhi,-3ante,-3ati;-3antesu|-3anta;-3antā,-3antāni|
bhavanta;a,m:-3aṃ;-3anto,-3antā,-5onto|-3antaṃ;-3ante,-5onte|-3antena,-3atā,-5otā;-3antehi,-3antebhi|-3antassa,-3ato,-5oto;-3ataṃ,-3antānaṃ|-3antasmā,-3antamhā,-3antā,-3atā,-5otā;-3antehi,-3antebhi|-3antassa,-3ato,-5oto;-3ataṃ,-3antānaṃ|-3antasmiṃ,-3antamhi,-3ante,-3ati;-3antesu|-5o,-4nte,-5onta,-5ontā;-3anto,-3antā,-5onto|
karonta;a,m:-3aṃ;o,ā|aṃ;e|ena,-2tā;ehi,ebhi|assa,-2to;ānaṃ,-2taṃ|asmā,amhā,ā,-2tā;ehi,ebhi|assa,-2to;ānaṃ,-2taṃ|asmiṃ,amhi,e;esu|a;ā|
arahanta;a,m:-3aṃ;o|aṃ;e|ena,-2tā;ehi,ebhi|assa,-2to;ānaṃ,-2taṃ|asmā,amhā,ā,-2tā;ehi,ebhi|assa,-2to;ānaṃ,-2taṃ|asmiṃ,amhi,e;esu|a;o|
santa;a,m:o,-2ṃ;o,ā|aṃ,-2ṃ;e|ena,-2tā;ehi,-2bbhi|assa,-2to;ānaṃ,-2taṃ|asmā,amhā,ā,-2tā;ehi,-2bbhi|assa,-2to;ānaṃ,-2taṃ|asmiṃ,amhi,e,-2ti;esu|-2ṃ,-2,-3ā,a;o,ā|
mahanta;a,m:-3aṃ,-3ā,-3anto;-3antā|-3antaṃ;-3ante|-3antena,-3atā;-3antehi,-3antebhi|-3antassa,-3ato;-3antānaṃ,-3ataṃ|-3antasmā,-3antamhā,-3antā,-3atā;-3antehi,-3antebhi|-3antassa,-3ato;-3antānaṃ,-3ataṃ|-3antasmiṃ,-3antamhi,-3ante,-3ati;-3antesu|-3a,-3ā;-3anto|
rāja;a,m:ā;āno|aṃ,ānaṃ;āno|ena,-2aññā;ūhi,ūbhi,ehi,ebhi|ino,-2añño,-2aññassa;ānaṃ,ūnaṃ,-2aññaṃ|-2aññā;ūhi,ūbhi,ehi,ebhi|ino,-2añño,-2aññassa;ānaṃ,ūnaṃ,-2aññaṃ|ini,-2aññe;ūsu,esu|a,ā;āno|
brahma;a,m:ā;āno|aṃ,ānaṃ;āno|unā;ehi,ebhi|assa,uno;ānaṃ,ūnaṃ|unā;ehi,ebhi|assa,uno;ānaṃ,ūnaṃ|ani;esu|e;āno|
sakha;a,m:ā;ā,āyo,āno,āro|aṃ,ānaṃ,āraṃ;e,āyo,āno,āre,ino|inā;ehi,ebhi,ārehi,ārebhi|issa,ino;īnaṃ,ānaṃ,ārānaṃ|inā,ārasmā,ismā,asmā,ā,ārā;ehi,ebhi,ārehi,ārebhi|issa,ino;īnaṃ,ānaṃ,ārānaṃ|e;esu,āresu|a,ā,i,ī,e;ā,ān,āyo,āno,āro,ino|
atta;a,m:ā;ā,āno|aṃ,ānaṃ;āno|ena,anā;ehi,ebhi,anehi,anebhi|assa,ano;ānaṃ|anā;ehi,ebhi,anehi,anebhi|assa,ano;ānaṃ|ani;esu|a,ā;āno|
ātuma;a,m:ā;ā,āno|aṃ,ānaṃ;āno|ena;ehi,ebhi|assa,āya,atthaṃ;ānaṃ|asmā,ā;ehi,ebhi|assa;ānaṃ|asmiṃ,e;esu|a,ā;āno|
yuva;a,m:ā,āno;ā,āno,ānā|aṃ,ānaṃ;e,āne|ena,ānena,ānā;ehi,ebhi,ānehi,ānebhi|assa,ānassa,ino;anaṃ,ānānaṃ|ānasmā,ānā;ehi,ebhi,ānehi,ānebhi|assa,ānassa,ino;anaṃ,ānānaṃ|asmiṃ,ānasmiṃ,e,āne;esu,āsu,ānesu|a,āna;āno,ānā|
sā;a,m:ā;ā|aṃ;e|ena;āhi,ābhi|assa,āya;ānaṃ|asmā,amhā,ā;āhi,ābhi|assa;ānaṃ|asmiṃ,amhi,e;āsu|a,ā;ā|
aggi;i,m:ini;,|;|;|;|;|;|;|;|
hetu;u,m:,;uyo|,;uyo|;|;|;|;|;|;|
jantu;u,m:,;uno,uyo|,;uno,uyo|;|;|;|;|;|;|
satthu;u,m:ā;āro|āraṃ;āre,āro|ārā,unā;ārehi,ārebhi|ussa,uno,u;ānaṃ,ārānaṃ|ārā;ārehi,ārebhi|ussa,uno,u;ānaṃ,ārānaṃ|ari;āresu|a,ā;āro|
kattu;u,m:ā;āro|āraṃ;āre,āro|ārā,unā;ārehi,ārebhi|ussa,uno,u;ānaṃ,ārānaṃ,ūnaṃ,unaṃ|ārā,unā;ārehi,ārebhi|ussa,uno,u;ānaṃ,ārānaṃ,ūnaṃ,unaṃ|ari;āresu,ūsu,usu|a,ā,e;āro|
pitu;u,m:ā;aro|araṃ;are,aro|arā,unā;arehi,arebhi,ūhi,ūbhi,uhi,ubhi|ussa,uno,u;arānaṃ,ānaṃ,ūnaṃ,unaṃ|arā;arehi,arebhi,ūhi,ūbhi,uhi,ubhi|ussa,uno,u;arānaṃ,ānaṃ,ūnaṃ,unaṃ|ari;aresu,ūsu,usu|a,ā;aro|
abhibhū;ū,m:ū;ū,uvo|uṃ;ū,uvo|unā;ūhi,ūbhi|ussa,uno;ūnaṃ|usmā,umhā,unā;ūhi,ūbhi|ussa,uno;ūnaṃ|usmiṃ,umhi;ūsu|u;ū,uvo|
abhibhū;u,n:u;ū,ūni|uṃ;ū,ūni|unā;ūhi,ūbhi|ussa,uno;ūnaṃ|usmā,umhā,unā;ūhi,ūbhi|ussa,uno;ūnaṃ|usmiṃ,umhi;ūsu|u;ū,ūni|
go;a,m:o;āvo,avo|āvuṃ,āvaṃ,avaṃ;āvo,avo|āvena,avena;ohi,obhi|āvassa,avassa;avaṃ,unnaṃ,onaṃ|āvasmā,āvamha,avasmā,avamha,āvā,avā;ohi,obhi|āvassa,avassa;avaṃ,unnaṃ,onaṃ|āvasmiṃ,āvamhi,avasmiṃ,avamhi,āve,ave;āvesu,avesu,osu|o;āvo,avo|
addhā;a,m:ā;ā,āno|ānaṃ;āne|unā;ānehi,ānebhi|uno;ānaṃ|unā;ānehi,ānebhi|uno;ānaṃ|ani,āne;ānesu|a;ā,āno|
muddhā;a,m:ā;ā,āno|aṃ;e,āne|ānā;ehi,ebhi|assa;ānaṃ|ānā;ehi,ebhi|assa;ānaṃ|ani;anesu|a;ā,āno|
ratti;i,f:,;-1yo|;|;|;|-1yā;,|;|-1yā,-1yaṃ,iṃ,o;,|;|
bhikkhuṇī;ī,f:ī;ī,iyo|iṃ;ī,iyo|iyā;īhi,ībhi|iyā;īnaṃ|iyā;īhi,ībhi|iyā;īnaṃ|iyā,iyaṃ;īsu|i;ī,iyo|
mātu;u,f:ā;aro|araṃ;are,aro|arā,uyā;arehi,arebhi,ūhi,ūbhi,uhi,ubhi|ussa,uyā,u;arānaṃ,ānaṃ,ūnaṃ,unaṃ|arā,uyā;arehi,arebhi,ūhi,ūbhi,uhi,ubhi|ussa,uyā,u;arānaṃ,ānaṃ,ūnaṃ,unaṃ|ari,uyaṃ;aresu,ūsu,usu|a,ā;aro|
kamma;a,n:aṃ;ā,āni|aṃ;e,āni|ena,unā,anā;ehi,ebhi|assa,uno;ānaṃ|asmā,amhā,unā,ā;ehi,ebhi|assa,uno;ānaṃ|asmiṃ,amhi,ani,e;esu|a;ā,āni|
kārī;i,n:i;ī,īni|iṃ,inaṃ;ī,īni|inā;īhi,ībhi|issa,ino;īnaṃ|ismā,imhā,inā;īhi,ībhi|issa,ino;īnaṃ,inaṃ|ismiṃ,imhi,ini;īsu|i;ī,īni|
tumha;a,m:-3vaṃ,-3uvaṃ;e,-4vo|-3vaṃ,-3uvaṃ,-3avaṃ,-3aṃ;ākaṃ,e,-4vo|-3ayā,-3vayā,-3e;ehi,ebhi,-4vo|-2yhaṃ,aṃ,-3ava,-3e;aṃ,ākaṃ,-4vo|-3ayā;ehi,ebhi|-2yhaṃ,aṃ,-3ava,-3e;aṃ,ākaṃ,-4vo|-3ayi,-3vayi;esu|;|
tumha;ā,f:-3vaṃ,-3uvaṃ;e,-4vo|-3vaṃ,-3uvaṃ,-3avaṃ,-3aṃ;ākaṃ,e,-4vo|-3ayā,-3vayā,-3e;ehi,ebhi,-4vo|-2yhaṃ,aṃ,-3ava,-3e;aṃ,ākaṃ,-4vo|-3ayā;ehi,ebhi|-2yhaṃ,aṃ,-3ava,-3e;aṃ,ākaṃ,-4vo|-3ayi,-3vayi;esu|;|
tumha;a,n:-3vaṃ,-3uvaṃ;e,-4vo|-3vaṃ,-3uvaṃ,-3avaṃ,-3aṃ;ākaṃ,e,-4vo|-3ayā,-3vayā,-3e;ehi,ebhi,-4vo|-2yhaṃ,aṃ,-3ava,-3e;aṃ,ākaṃ,-4vo|-3ayā;ehi,ebhi|-2yhaṃ,aṃ,-3ava,-3e;aṃ,ākaṃ,-4vo|-3ayi,-3vayi;esu|;|
amha;a,m:-2haṃ;-3mayaṃ,e,-3no|-3maṃ,-3mamaṃ;ākaṃ,e,-3no|-3mayā,-3me;ehi,ebhi,-3no|-3mayhaṃ,aṃ,-3mama,-3mamaṃ,-3me;aṃ,ākaṃ,-2smākaṃ,-3no|-3mayā;ehi,ebhi|-3mayhaṃ,aṃ,-3mama,-3mamaṃ,-3me;aṃ,ākaṃ,-2smākaṃ,-3no|-3mayi;esu|;|
amha;ā,f:-2haṃ;-3mayaṃ,e,-3no|-3maṃ,-3mamaṃ;ākaṃ,e,-3no|-3mayā,-3me;ehi,ebhi,-3no|-3mayhaṃ,aṃ,-3mama,-3mamaṃ,-3me;aṃ,ākaṃ,-2smākaṃ,-3no|-3mayā;ehi,ebhi|-3mayhaṃ,aṃ,-3mama,-3mamaṃ,-3me;aṃ,ākaṃ,-2smākaṃ,-3no|-3mayi;esu|;|
amha;a,n:-2haṃ;-3mayaṃ,e,-3no|-3maṃ,-3mamaṃ;ākaṃ,e,-3no|-3mayā,-3me;ehi,ebhi,-3no|-3mayhaṃ,aṃ,-3mama,-3mamaṃ,-3me;aṃ,ākaṃ,-2smākaṃ,-3no|-3mayā;ehi,ebhi|-3mayhaṃ,aṃ,-3mama,-3mamaṃ,-3me;aṃ,ākaṃ,-2smākaṃ,-3no|-3mayi;esu|;|
sabba;a,m:o;e|aṃ;e|ena;ehi,ebhi|assa;esaṃ,esānaṃ|asmā,amhā;ehi,ebhi|assa;esaṃ,esānaṃ|asmiṃ,amhi;esu|a,ā;e|
sabba;ā,f:ā;ā,āyo|aṃ;ā,āyo|āya;āhi,ābhi|assā,āya;āsaṃ,āsānaṃ|āya;āhi,ābhi|assā,āya;āsaṃ,āsānaṃ|assaṃ,āyaṃ;āsu|e;ā,āyo|
sabba;a,n:aṃ;āni|aṃ;āni|ena;ehi,ebhi|assa;esaṃ,esānaṃ|asmā,amhā;ehi,ebhi|assa;esaṃ,esānaṃ|asmiṃ,amhi;esu|a;āni|
pubba;a,m:o;e,ā|aṃ;e|ena;ehi,ebhi|assa;esaṃ,esānaṃ|asmā,amhā,ā;ehi,ebhi|assa;esaṃ,esānaṃ|asmiṃ,amhi,e;esu|a;e,ā|
pubba;ā,f:ā;ā,āyo|aṃ;ā,āyo|āya;āhi,ābhi|assā,āya;āsaṃ,āsānaṃ|āya;āhi,ābhi|assā,āya;āsaṃ,āsānaṃ|assaṃ,āyaṃ;āsu|e;ā,āyo|
pubba;a,n:aṃ;āni|aṃ;āni|ena;ehi,ebhi|assa;esaṃ,esānaṃ|asmā,amhā,ā;ehi,ebhi|assa;esaṃ,esānaṃ|asmiṃ,amhi,e;esu|a;āni|
ya;a,m:o;e|aṃ;e|ena;ehi,ebhi|assa;esaṃ,esānaṃ|asmā,amhā;ehi,ebhi|assa;esaṃ,esānaṃ|asmiṃ,amhi;esu|;|
ya;ā,f:ā;ā,āyo|aṃ;ā,āyo|āya;āhi,ābhi|assā,āya;āsaṃ,āsānaṃ|āya;āhi,ābhi|assā,āya;āsaṃ,āsānaṃ|assaṃ,āyaṃ;āsu|;|
ya;a,n:aṃ;āni|aṃ;āni|ena;ehi,ebhi|assa;esaṃ,esānaṃ|asmā,amhā;ehi,ebhi|assa;esaṃ,esānaṃ|asmiṃ,amhi;esu|;|
ta;a,m:-1so;e,-1ne|aṃ,-1naṃ;e,-1ne|ena,-1nena;ehi,ebhi,-1nehi,-1nebhi|assa,-1assa,-1nassa;esaṃ,esānaṃ,-1nesaṃ,-1nesānaṃ|asmā,amhā,-1asmā,-1nasmā,-1namhā;ehi,ebhi,-1nehi,-1nebhi|assa,-1assa,-1nassa;esaṃ,esānaṃ,-1nesaṃ,-1nesānaṃ|asmiṃ,amhi,-1asmiṃ,-1nasmiṃ,-1namhi;esu,-1nesu|;|
ta;ā,f:-1sā;ā,āyo,-1nā,-1nāyo|aṃ,-1naṃ;ā,āyo,-1nā,-1nāyo|āya,-1nāya;āhi,ābhi,-1nāhi,-1nābhi|assā,issā,assāya,issāya,-1assā,-1nassā,-1assāya,-1nassāya,āya,-1nāya;āsaṃ,āsānaṃ,-1nāsaṃ,-1nāsānaṃ|āya,-1nāya;āhi,ābhi,-1nāhi,-1nābhi|assā,issā,assāya,issāya,-1assā,-1nassā,-1assāya,-1nassāya,āya,-1nāya;āsaṃ,āsānaṃ,-1nāsaṃ,-1nāsānaṃ|assaṃ,issaṃ,-1assaṃ,-1nassaṃ,āya,-1nāya;āsu,-1nāsu|;|
ta;a,n:aṃ,-1naṃ;āni,-1nāni|aṃ,-1naṃ;āni,-1nāni|ena,-1nena;ehi,ebhi,-1nehi,-1nebhi|assa,-1assa,-1nassa;esaṃ,esānaṃ,-1nesaṃ,-1nesānaṃ|asmā,amhā,-1asmā,-1nasmā,-1namhā;ehi,ebhi,-1nehi,-1nebhi,|assa,-1assa,-1nassa;esaṃ,esānaṃ,-1nesaṃ,-1nesānaṃ|asmiṃ,amhi,-1asmiṃ,-1nasmiṃ,-1namhi;esu,-1nesu|;|
eta;a,m:-1so;e|aṃ;e|ena;ehi,ebhi|assa;esaṃ,esānaṃ|asmā,amhā;ehi,ebhi|assa;esaṃ,esānaṃ|asmiṃ,amhi;esu|;|
eta;ā,f:-1sā;ā,āyo|aṃ;ā,āyo|āya;āhi,ābhi|āya,issā,issāya;āsaṃ,āsānaṃ|āya;āhi,ābhi|āya,issā,issāya;āsaṃ,āsānaṃ|āyaṃ,issaṃ;āsu|;|
eta;a,n:aṃ;āni|aṃ;āni|ena;ehi,ebhi|assa;esaṃ,esānaṃ|asmā,amhā;ehi,ebhi|assa;esaṃ,esānaṃ|asmiṃ,amhi;esu|;|
ima;a,m:-2ayaṃ;e|aṃ;e|inā,-2anena;ehi,ebhi,-2ehi,-2ebhi|assa,-2assa;esaṃ,esānaṃ,-2esaṃ,-2esānaṃ|asmā,amhā,-2asmā;ehi,ebhi,-2ehi,-2ebhi|assa,-2assa;esaṃ,esānaṃ,-2esaṃ,-2esānaṃ|asmiṃ,amhi,-2asmiṃ;esu,-2esu|;|
ima;ā,f:-2ayaṃ;ā,āyo|aṃ;ā,āyo|āya;āhi,ābhi|āya,issā,issāya,-2assā,-2assāya;āsaṃ,āsānaṃ|āya;āhi,ābhi|āya,issā,issāya,-2assā,-2assāya;āsaṃ,āsānaṃ|āyaṃ,issā,issaṃ,-2assaṃ;āsu|;|
ima;a,n:-1daṃ,aṃ;āni|-1daṃ,aṃ;āni|inā,-2anena;ehi,ebhi,-2ehi,-2ebhi|assa,-2assa;esaṃ,esānaṃ,-2esaṃ,-2esānaṃ|asmā,amhā,-2asmā;ehi,ebhi,-2ehi,-2ebhi|assa,-2assa;esaṃ,esānaṃ,-2esaṃ,-2esānaṃ|asmiṃ,amhi,-2asmiṃ;esu,-2esu|;|
asuka;a,m:o;ā|aṃ;e|ena;ehi,ebhi|assa;ānaṃ|asmā,amhā,ā;ehi,ebhi|assa;ānaṃ|asmiṃ,amhi,e;esu|;|
asuka;ā,f:ā;ā,āyo|aṃ;ā,āyo|āya;āhi,ābhi|āya;ānaṃ|āya;āhi,ābhi|āya;ānaṃ|āyaṃ;āsu|;|
asuka;a,n:aṃ;ā,āni|aṃ;ā,āni|ena;ehi,ebhi|assa;ānaṃ|asmā,amhā,ā;ehi,ebhi|assa;ānaṃ|asmiṃ,amhi,e;esu|;|
amu;u,m:-1su;ū|uṃ;ū|unā;ūhi,ūbhi,uhi,ubhi|ussa,-1dussa;ūsaṃ,ūsānaṃ,usaṃ,usānaṃ|usmā,umhā;ūhi,ūbhi,uhi,ubhi|ussa,-1dussa;ūsaṃ,ūsānaṃ,usaṃ,usānaṃ|usmiṃ,umhi;ūsu,usu|;|
amu;u,f:-1su;ū,uyo|uṃ;ū,uyo|uyā;ūhi,ūbhi|ussā,uyā;ūsaṃ,ūsānaṃ|uyā;ūhi,ūbhi|ussā,uyā;ūsaṃ,ūsānaṃ|ussaṃ,uyaṃ,uyā;ūsu|;|
amu;u,n:-1duṃ;ū,ūni|-1duṃ;ū,ūni|unā;ūhi,ūbhi,uhi,ubhi|ussa,-1dussa;ūsaṃ,ūsānaṃ,usaṃ,usānaṃ|usmā,umhā;ūhi,ūbhi,uhi,ubhi|ussa,-1dussa;ūsaṃ,ūsānaṃ,usaṃ,usānaṃ|usmiṃ,umhi;ūsu,usu|;|
kiṃ;a,m:o;e|aṃ;e|ena;ehi,ebhi|assa,issa;esaṃ,esānaṃ|asmā,amhā;ehi,ebhi|assa,issa;esaṃ,esānaṃ|asmiṃ,amhi,ismiṃ,imhi;esu|;|
kiṃ;ā,f:ā;ā,āyo|aṃ;ā,āyo|āya;āhi,ābhi|assā,āya;āsaṃ,āsānaṃ|āya;āhi,ābhi|assā,āya;āsaṃ,āsānaṃ|assaṃ,āyaṃ;āsu|;|
kiṃ;a,n:iṃ;āni|iṃ;āni|ena;ehi,ebhi|assa,issa;esaṃ,esānaṃ|asmā,amhā;ehi,ebhi|assa,issa;esaṃ,esānaṃ|asmiṃ,amhi,ismiṃ,imhi;esu|;|
kiṃci;i,m:-3oci;-3eci|-3añci;-3eci|-3enaci;-3ehici|-3assaci;-3esañci|-3asmāci;-3ehici|-3assaci;-3esañci|-3asmiñci,-3ismiñci;-3esuci|;|
kiṃci;i,f:-3āci;-3āci|-3añci;-3āci|-3āyaci;-3āhici|-3āyaci,-2assāci;-3āsañci|-3āyaci;-3āhici|-3āyaci,-2assāci;-3āsañci|-3āyaci;-3āsuci|;|
kiṃci;i,n:-3iñci;-3ānici|-3iñci;-3ānici|-3enaci;-3ehici|-3assaci;-3esañci|-3asmāci;-3ehici|-3assaci;-3esañci|-3asmiñci,-3ismiñci;-3esuci|;|
eka;a,m:o;,|aṃ;,|ena;,|assa;,|asmā,amhā;,|assa;,|asmiṃ,amhi;,|;|
eka;ā,f:ā;,|aṃ;,|āya;,|issā,āya;,|āya;,|issā,āya;,|issaṃ,āyaṃ;,|;|
eka;a,n:aṃ;,|aṃ;,|ena;,|assa;,|asmā,amhā;,|assa;,|asmiṃ,amhi;,|;|
ubho;a,m:,;o,e|,;o,e|,;ohi,obhi,ehi,ebhi|,;innaṃ|,;ohi,obhi,ehi,ebhi|,;innaṃ|,;osu,esu|;|
ubho;ā,f:,;o,e|,;o,e|,;ohi,obhi,ehi,ebhi|,;innaṃ|,;ohi,obhi,ehi,ebhi|,;innaṃ|,;osu,esu|;|
ubho;a,n:,;o,e|,;o,e|,;ohi,obhi,ehi,ebhi|,;innaṃ|,;ohi,obhi,ehi,ebhi|,;innaṃ|,;osu,esu|;|
dvi;a,m:,;e,-1uve|,;e,-1uve|,;īhi,ībhi|,;innaṃ,-1uvinnaṃ|,;īhi,ībhi|,;innaṃ,-1uvinnaṃ|,;īsu|;|
dvi;ā,f:,;e,-1uve|,;e,-1uve|,;īhi,ībhi|,;innaṃ,-1uvinnaṃ|,;īhi,ībhi|,;innaṃ,-1uvinnaṃ|,;īsu|;|
dvi;a,n:,;e,-1uve|,;e,-1uve|,;īhi,ībhi|,;innaṃ,-1uvinnaṃ|,;īhi,ībhi|,;innaṃ,-1uvinnaṃ|,;īsu|;|
dvi;i,m:,;e,-1uve|,;e,-1uve|,;īhi,ībhi|,;innaṃ,-1uvinnaṃ|,;īhi,ībhi|,;innaṃ,-1uvinnaṃ|,;īsu|;|
dvi;i,f:,;e,-1uve|,;e,-1uve|,;īhi,ībhi|,;innaṃ,-1uvinnaṃ|,;īhi,ībhi|,;innaṃ,-1uvinnaṃ|,;īsu|;|
dvi;i,n:,;e,-1uve|,;e,-1uve|,;īhi,ībhi|,;innaṃ,-1uvinnaṃ|,;īhi,ībhi|,;innaṃ,-1uvinnaṃ|,;īsu|;|
ti;i,m:,;ayo|,;ayo|,;īhi,ībhi|,;iṇṇaṃ,iṇṇanaṃ|,;īhi,ībhi|,;iṇṇaṃ,iṇṇanaṃ|,;īsu|;|
ti;i,f:,;isso|,;isso|,;īhi,ībhi|,;issannaṃ|,;īhi,ībhi|,;issannaṃ|,;īsu|;|
ti;i,n:,;īṇi|,;īṇi|,;īhi,ībhi|,;iṇṇaṃ,iṇṇanaṃ|,;īhi,ībhi|,;iṇṇaṃ,iṇṇanaṃ|,;īsu|;|
catu;u,m:,;tāro,uro|,;tāro,uro|,;ūhi,ūbhi,ubbhi|,;unnaṃ|,;ūhi,ūbhi,ubbhi|,;unnaṃ|,;ūsu|;|
catu;u,f:,;asso|,;asso|,;ūhi,ūbhi,ubbhi|,;assannaṃ|,;ūhi,ūbhi,ubbhi|,;assannaṃ|,;ūsu|;|
catu;u,n:,;tāri|,;tāri|,;ūhi,ūbhi,ubbhi|,;unnaṃ|,;ūhi,ūbhi,ubbhi|,;unnaṃ|,;ūsu|;|
number18;a,m:,;a|,;a|,;ahi,abhi|,;annaṃ|,;ahi,abhi|,;annaṃ|,;asu|;|
number18;ā,f:,;a|,;a|,;ahi,abhi|,;annaṃ|,;ahi,abhi|,;annaṃ|,;asu|;|
number18;a,n:,;a|,;a|,;ahi,abhi|,;annaṃ|,;ahi,abhi|,;annaṃ|,;asu|;|
number98;i,f:i;,|iṃ;,|iyā;,|iyā;,|iyā;,|iyā;,|iyaṃ,iyā;,|;|
number98;ā,f:ā,a;,|aṃ;,|āya;,|āya;,|āya;,|āya;,|āyaṃ,āya;,|;|
number98;a,n:aṃ;āni,ā|aṃ;āni,e|ena;ehi,ebhi|assa;ānaṃ|asmā,amhā,ā;ehi,ebhi|assa;ānaṃ|asmiṃ,amhi,e;esu|a;ā,āni|
number99;a,n:aṃ;āni,ā|aṃ;āni,e|ena;ehi,ebhi|assa;ānaṃ|asmā,amhā,ā;ehi,ebhi|assa;ānaṃ|asmiṃ,amhi,e;esu|a;ā,āni|
ordinal;a,m:o;,|aṃ;,|ena;,|assa,āya,atthaṃ;,|asmā,amhā,ā;,|assa;,|asmiṃ,amhi,e;,|a,ā;,|
ordinal;ā,f:ā;,|aṃ;,|āya;,|āya;,|āya;,|āya;,|āya,āyaṃ;,|e;,|
ordinal;a,n:aṃ;,|aṃ;,|ena;,|assa;,|asmā,amhā,ā;,|assa;,|asmiṃ,amhi,e;,|a;,|
ordinal4;a,m:o;,|aṃ;,|ena;,|assa,āya,atthaṃ;,|asmā,amhā,ā;,|assa;,|asmiṃ,amhi,e;,|a,ā;,|
ordinal4;ā,f:ā,ī;,|aṃ,iyaṃ,iṃ;,|āya,iyā;,|āya,iyā;,|āya,iyā;,|āya,iyā;,|āya,āyaṃ,iyā,iyaṃ;,|e,i;,|
ordinal4;a,n:aṃ;,|aṃ;,|ena;,|assa;,|asmā,amhā,ā;,|assa;,|asmiṃ,amhi,e;,|a;,|
ordinal11;a,m:o;,|aṃ;,|ena;,|assa,āya,atthaṃ;,|asmā,amhā,ā;,|assa;,|asmiṃ,amhi,e;,|a,ā;,|
ordinal11;ā,f:ā,-2ī;,|aṃ,-2iyaṃ,-2iṃ;,|āya,-2iyā;,|āya,-2iyā;,|āya,-2iyā;,|āya,-2iyā;,|āya,āyaṃ,-2iyā,-2iyaṃ;,|e,-2i;,|
ordinal11;a,n:aṃ;,|aṃ;,|ena;,|assa;,|asmā,amhā,ā;,|assa;,|asmiṃ,amhi,e;,|a;,|
